song_id,song_name,song_duration,song_popularity,artist_id,album_id
3xKsf9qdS1CyvXSMEid6g8,Pink + White,184516,91,2h93pZq0e7k5yf4dywlkpM,3mH6qwIy9crq0I9YQbOuDf
4KW1lqgSr8TKrvBII0Brf8,Father Stretch My Hands Pt. 1,135920,88,5K4W6rqBFWDnAN6FQUkS6x,7gsWAHLeT0w7es6FofOXk1
3IznIgmXtrUaoPWpQTy5jB,Not Allowed,167864,87,0Y6dVaC9DZtPNH4591M42W,4oL7pMxnb04uuRI7ReXmuh
2LBqCSwhJGcFQeTHMVGwy3,Die For You,260253,91,1Xyo4u8uXC1ZmMpatF05PJ,4AdZV63ycxFLF6Hcol0QnB
7MXVkk9YMctZqd1Srtv4MB,Starboy,230453,94,1Xyo4u8uXC1ZmMpatF05PJ,2ODvWsOgouMbaA5xf0RkJe
6QeYSvYqYUsfBzsApbjDHO,Cigarettes out the Window,198960,86,0Y6dVaC9DZtPNH4591M42W,4oL7pMxnb04uuRI7ReXmuh
1zi7xx7UVEFkmKfv06H8x0,One Dance,173986,89,3TVXtAsR1Inumwj472S9r4,40GMAhriYJRO1rsY4YdrZb
5UGAXwbA17bUC0K9uquGY2,Antarctica,126850,82,1VPmR4DJC1PlOtd0IADAO0,2uSbIkeZ2TszTDfbzmkhyL
5gDWsRxpJ2lZAffh5p7K0w,Stargirl Interlude,111626,88,1Xyo4u8uXC1ZmMpatF05PJ,4AdZV63ycxFLF6Hcol0QnB
4riDfclV7kPDT9D58FpmHd,Some,118393,84,57vWImR43h4CaDao012Ofp,4POiurFeB5bDsF9yBwOxbh
0KKkJNfGyhkQ5aFogxQAPU,That's What I Like,206693,89,0du5cEVh5yTK9QJze8zA0C,4PgleR09JVnm3zY1fW3XBA
0WtDGnWL2KrMCk0mI1Gpwz,Redbone,326933,85,73sIBHcqh3Z3NyqHKZ7FOL,7caGY3YPOchIO8xLvTKWN4
3d8y0t70g7hw2FOWl9Z4Fm,Ophelia,160097,80,16oZKvXb6WkQlVAjwo2Wbg,2zbTrm2pIAErzFSopinkbN
7EiZI6JVHllARrX9PUvAdX,Low Life (feat. The Weeknd),313546,85,1RyvyyTE3xzB2ZywiAwp0i,3jJKDKdlwRS584zUlHV2Ly
6gBFPUFcJLzWGx4lenP6h2,goosebumps,243836,87,0Y5tJX1MQlPlqiwlOH1tJY,42WVQWuf1teDysXiOupIZt
5uQOauh47VFt3B2kV9kRXw,My Shit,128156,81,31W5EY0aAly4Qieq6OFu6I,2OQEAqShAl6SodrGhmYZ4Z
5NijSs5dAwaIybq1GaRTIe,Poison,212992,83,3tlXnStJ1fFhdScmQeLpuG,17dsllSewkPuKbkGWU4chD
4AFsRbaLKRWo3dDtjDFA2V,Me and Your Mama,379226,83,73sIBHcqh3Z3NyqHKZ7FOL,7caGY3YPOchIO8xLvTKWN4
2ZWlPOoWh0626oTaHrnl2a,Ivy,249191,83,2h93pZq0e7k5yf4dywlkpM,3mH6qwIy9crq0I9YQbOuDf
4pAl7FkDMNBsjykPXo91B3,Needed Me,191600,85,5pKCCKE2ajJHZ9KAiaK11H,4UlGauD7ROb3YbVOFMgW5u
2FTeQQ5Rg9tBpgpTF5mnhE,Still Think About You,246987,79,31W5EY0aAly4Qieq6OFu6I,2OQEAqShAl6SodrGhmYZ4Z
0bPnT6i9H1p8Vd85GS6Z7I,Night Shift,172253,80,4MoAOfV4ROWofLG3a3hhBN,1DTBcVfk3zXPHRmgpY6rFZ
3a1lNhkSLSkpJE4MSHpDu9,Congratulations,220293,84,246dkjvS1zLTtiykXe5h60,5s0rmjP8XOPhP6HhqOhuyC
1boXOL0ua7N2iCOUVI1p9F,Japanese Denim,270846,82,20wkVLutqVOYrc0kxFs7rA,5qfhZ5YkZ4LhEUbYgjrWt6
5oO3drDxtziYU2H1X23ZIp,Love On The Brain,224000,87,5pKCCKE2ajJHZ9KAiaK11H,4UlGauD7ROb3YbVOFMgW5u
4gh0ZnHzaTMT1sDga7Ek0N,sdp interlude,191622,83,0Y5tJX1MQlPlqiwlOH1tJY,42WVQWuf1teDysXiOupIZt
1KIJclzEbNhSVw8tiHPWwE,Young,189160,83,0U7iI0Dk4Ojvi17nZboNO4,54lNPJ6xq2QXwG6jLEIf6C
7eqoqGkKwgOaWNNHx90uEZ,Nights,307151,81,2h93pZq0e7k5yf4dywlkpM,3mH6qwIy9crq0I9YQbOuDf
1OubIZ0ARYCUq5kceYUQiO,Congratulations (feat. Bilal),256426,82,4LLpKhyESsyAXpc4laK94U,6f6tko6NWoH00cyFOl4VYQ
0w3Q14i073jLoew1hgJkwD,Heartache On The Dance Floor,205200,78,4MoAOfV4ROWofLG3a3hhBN,1DTBcVfk3zXPHRmgpY6rFZ
6i0V12jOa3mr6uu4WYhUBr,Heathens,195920,86,3YQKmKGau1PzlVlkL1iodx,3J8W9AOjQhnBLCX33m3atT
2LMkwUfqC6S6s6qDVlEuzV,White Ferrari,248807,81,2h93pZq0e7k5yf4dywlkpM,3mH6qwIy9crq0I9YQbOuDf
4ly1QBXEwYoDmje9rmEgC4,Head Over Boots,202346,78,4MoAOfV4ROWofLG3a3hhBN,1DTBcVfk3zXPHRmgpY6rFZ
2Ch7LmS7r2Gy2kc64wv3Bz,Die For You,260252,85,1Xyo4u8uXC1ZmMpatF05PJ,2ODvWsOgouMbaA5xf0RkJe
5uCax9HTNlzGybIStD3vDh,Say You Won't Let Go,211466,88,4IWBUUAFIplrNtaOHcJPRM,7oiJYvEJHsmYtrgviAVIBD
3m0y8qLoznUYi73SUBP8GI,Ghostbusters,245253,80,0NyzfcGDZZ6GM25EBG9BYK,0epcJ1L57tp3SF30aKyeWa
75ZvA4QfFiZvzhj2xkaWAh,I Fall Apart,223346,82,246dkjvS1zLTtiykXe5h60,5s0rmjP8XOPhP6HhqOhuyC
37F0uwRSrdzkBiuj0D5UHI,Reminder,218880,89,1Xyo4u8uXC1ZmMpatF05PJ,2ODvWsOgouMbaA5xf0RkJe
7f08qp3HROTkfrtNpiYGGo,Dirt On My Boots,201893,78,4MoAOfV4ROWofLG3a3hhBN,1DTBcVfk3zXPHRmgpY6rFZ
3cjF2OFRmip8spwZYQRKxP,Feel No Ways,240653,79,3TVXtAsR1Inumwj472S9r4,40GMAhriYJRO1rsY4YdrZb
7BKLCZ1jbUBVqRi2FVlTVw,Closer,244960,86,69GGBxA162lTqCwzJG5jLp,0rSLgV8p5FzfnqlEk4GzxE
3jfZ9M23l0L7RxzYMTgBTv,Looking Out for You,179499,80,4jCIAMb0zEArF3GYEYzoDk,7slouenWhZDdDZibkS4nR3
4TVsTKQVeC99tCjfRKLeob,white tee,132226,79,2kCcBybjl3SAtIcwdWpUe3,4MTh1JiOhgK2BQQjKI5RyI
6eT7xZZlB2mwyzJ2sUKG6w,White Iverson,256532,80,246dkjvS1zLTtiykXe5h60,5s0rmjP8XOPhP6HhqOhuyC
5kqIPrATaCc2LqxVWzQGbk,7 Years,237300,85,25u4wHJWxCA9vO0CzxAbK7,4rFrdkSWs0dtj0rWPzOk1v
5yuShbu70mtHXY0yLzCQLQ,Go Flex,179613,81,246dkjvS1zLTtiykXe5h60,5s0rmjP8XOPhP6HhqOhuyC
0B8QzDH7YWih85V5SEMnyJ,Money Longer,198944,76,4O15NlyKLIASxsJ0PrXPfz,7mgdTKTCdfnLoa1HXHvLYM
4F7A0DXBrmUAkp32uenhZt,Party Monster,249213,84,1Xyo4u8uXC1ZmMpatF05PJ,2ODvWsOgouMbaA5xf0RkJe
2Co0IjcLTSHMtodwD4gzfg,I Bet on Losing Dogs,170240,80,2uYWxilOVlUdk4oV9DvwqK,4Coa8Eb9SzjrkwWEom963Q
2ToW7zhGCrVrLU4fiKj9U1,Cleopatra,201413,75,16oZKvXb6WkQlVAjwo2Wbg,2zbTrm2pIAErzFSopinkbN
5uZm7EFtP5aoTJvx5gv9Xf,Jungle,174192,77,31W5EY0aAly4Qieq6OFu6I,2OQEAqShAl6SodrGhmYZ4Z
1yvMUkIOTeUNtNWlWRgANS,Unstoppable,217746,83,5WUlDfRSoLAfcVSX1WnrxN,2eV6DIPDnGl1idcjww6xyX
0y1QJc3SJVPKJ1OvFmFqe6,Way down We Go,213706,86,7jdFEYD2LTYjfwxOdlVjmc,4he4SQup02hEIQdwhZlZlk
5uDASfU19gDxSjW8cnCaBp,Chill Bill (feat. J. Davi$ & Spooks),177184,78,2hWs22BmQkK4czFtDLnar2,5qBu7Ab6alstSCAzxTJMb1
2Gyc6e2cLxA5hoX1NOvYnU,Say It,237786,79,2jku7tDXc6XoB6MO2hFuqg,5tBOCi2TekXZ1IbrmlBZO4
0azC730Exh71aQlOt9Zj3y,This Is What You Came For,222160,85,7CajNmpbOovFoOoasH2HaY,3pEgGUv379EDinvg1TN7Kt
0wwPcA6wtMf6HUMpIRdeP7,Hotline Bling,267066,81,3TVXtAsR1Inumwj472S9r4,40GMAhriYJRO1rsY4YdrZb
2uIX8YMNjGMD7441kqyyNU,ocean eyes,200560,75,6qqNVTkY8uBg9cP3Jd7DAH,2msN7XBgV3JCjQ7Tq3t7i9
6b8Be6ljOzmkOmFslEb23P,24K Magic,225983,83,0du5cEVh5yTK9QJze8zA0C,4PgleR09JVnm3zY1fW3XBA
2IVsRhKrx8hlQBOWy4qebo,Mr. Loverman,216880,80,0ZUvK7zGdXLd78mQr3t1Tw,25paSmOYSF03s81DCNqQn3
1WkMMavIMc4JZ8cfMmxHkI,"CAN'T STOP THE FEELING! (from DreamWorks Animation's ""TROLLS"")",237546,76,31TPClRtHm23RisEBtV3X7,65ayND23IInUPHJKsaAqe7
7zVCrzzEJU7u24sbJPXA5W,What Ifs (feat. Lauren Alaina),188253,75,3oSJ7TBVCWMDMiYjXNiCKE,4hhvgHjPqUOAYkclDkhL2T
76hfruVvmfQbw0eYn1nmeC,Cake By The Ocean,219146,84,6T5tfhQCknKG4UnH90qGnz,3Wv4X8OA65pGpFzBkuUgAh
2DgdHcjWmO3qd50RzuBLgZ,House of Memories,208706,83,20JZFwl6HVl6yg8a4H3ZqK,6twKQ0EsUJHVlAr6XBylrj
5GUYJTQap5F3RDQiCOJhrS,Self Control,249667,78,2h93pZq0e7k5yf4dywlkpM,3mH6qwIy9crq0I9YQbOuDf
5MMZJtHOiH1RmQSSe3DJdg,Sleep On The Floor,211851,74,16oZKvXb6WkQlVAjwo2Wbg,2zbTrm2pIAErzFSopinkbN
0Z57YWES04xGh3AImDz6Qr,Real Love Baby,189293,75,2kGBy2WHvF0VdZyqiVCkDT,75614DWrksimeV4oXUhaYP
2R3I5DiDf8bLz2QjrPmUpk,Vagabond,129463,76,0wyMPXGfOuQzNR54ujR9Ix,7spHo6tjPR8hbJab6I0Bwo
1Fid2jjqsHViMX6xNH70hE,Atlantis,229173,87,4Ly0KABsxlx4fNj63zJTrF,4m8XN9CKqve1ExYBnNu5kt
3ppVO2tyWRRznNmONvt7Se,Summers Over Interlude,106333,76,3TVXtAsR1Inumwj472S9r4,40GMAhriYJRO1rsY4YdrZb
4IZOdhEvXYWqh5XAXYzBk3,Wild as You,186066,73,6zLBxLdl60ekBLpawtT63I,5TxhzESD1pW7osKlZRFNYD
7DbdUf8aHSYoliSjO6LZv6,"Sex, Drugs, Etc.",196784,83,7I3bkknknQkIiatWiupQgD,1xz1n7gyY02veDxH50SQHQ
6mapJIPnQ23RTAevUoE0DL,Swang,208120,77,7iZtZyCzp3LItcw1wtPI3D,5v6iBhIlflzR9rEd1LAMbd
0utlOiJy2weVl9WTkcEWHy,Neighbors,216520,75,6l3HvQ5sa6mXTsMTB19rO5,3CCnGldVQ90c26aFATC1PW
3LLYTletE6uiRZ0hgMSrCN,Kill Yourself (Part IV),113972,75,1VPmR4DJC1PlOtd0IADAO0,2lWXXZ9VyzighDLU1Z4D0t
6mb6lVLNrcUgLnEN8QnDJd,How Far I'll Go,163386,76,5mnS9jJdKQQcRSqFu5YPVe,6pZj4nvx6lV3ulIK3BSjvs
63y6xWR4gXz7bnUGOk8iI6,Into You,244453,73,66CXWjxzNUsdJxJ2JdwvnR,3pdKKSqqLVIKmRTGw0x2N7
6RUhbFEhrvGISaQ8u2j2JN,Dangerous Woman,235946,73,66CXWjxzNUsdJxJ2JdwvnR,3pdKKSqqLVIKmRTGw0x2N7
6cEguiQecbXrFlsnMi2ysr,Come and See Me (feat. Drake),235477,76,2HPaUgqeutzr3jx5a9WyDV,2veXxRriGPw4fFBZQNNMfQ
23A29DEDxMZdwpl0ZRrMOk,"All That Glitters Is Not Gold, But It's Still Damn Beautiful",137900,74,1VPmR4DJC1PlOtd0IADAO0,3WEiXCyMnt06uLuJ6GqizD
4gmmRb6bZJffOOiww1JGTO,No Heart,235040,76,1URnnhqYAYcrqrcwql10ft,4I3EcXD4e3KcEoDJfFEZ5b
34SQ0QfLSR316d8KL2zkuZ,With You I Am,220893,73,6zLBxLdl60ekBLpawtT63I,5TxhzESD1pW7osKlZRFNYD
16dlDlLW9Uv8lmIUvAXAjG,beamer boy,203373,77,2kCcBybjl3SAtIcwdWpUe3,1f2lbyCzddJsLaMdcXDFwW
35r28RDot7nPE7y9K9H7l0,Feeling Whitney,257265,76,246dkjvS1zLTtiykXe5h60,5s0rmjP8XOPhP6HhqOhuyC
7rJRYP73BI3LLFtteweC2F,A Life Where We Work Out (feat. Kaitlin Butts),190266,72,4SfGzWmeoNPKIOmiyc7Pav,62dtvPwt2JNDqtfPI7B7Aa
4uhvMW7ly7tJil31YYscAN,Erase Your Social,199993,74,4O15NlyKLIASxsJ0PrXPfz,6LX75kNicFqjjiAOeZgN67
5TuTHrKzN6NweeQaKkBNb7,Relax,158573,76,0U7iI0Dk4Ojvi17nZboNO4,54lNPJ6xq2QXwG6jLEIf6C
0lYBSQXN6rCTvUZvg9S0lU,Let Me Love You,205946,86,540vIaP2JwjQb9dm3aArA4,02sEJTj1sye1JaqxqpcSCp
3BtuIIrQlkujKPuWF2B85z,Too Good,263373,77,3TVXtAsR1Inumwj472S9r4,40GMAhriYJRO1rsY4YdrZb
6Aa7aDayiQHnUw1dUvdneZ,Donald Trump,164522,75,4LLpKhyESsyAXpc4laK94U,0YA7XxxfkaGwecj3liSTvj
32B4HyegZNlYIWhENs8FcZ,Memoirs of a Gorilla,122253,73,1VPmR4DJC1PlOtd0IADAO0,1W7VBnHCvLa2cG9yWZT52t
72TFWvU3wUYdUuxejTTIzt,Work,219320,81,5pKCCKE2ajJHZ9KAiaK11H,4UlGauD7ROb3YbVOFMgW5u
6U4VqEHy4n5VeiH4pQPL24,You're Welcome,163893,75,1T8S48bD91THNKBByWBDyn,6pZj4nvx6lV3ulIK3BSjvs
5hc71nKsUgtwQ3z52KEKQk,Somebody Else,347520,74,3mIj9lX2MWuHmhNCA7LSCW,1JFmNyVPdBF1ECvv4fhpW4
4EDijkJdHBZZ0GwJ12iTAj,Stargirl Interlude,111640,81,1Xyo4u8uXC1ZmMpatF05PJ,2ODvWsOgouMbaA5xf0RkJe
3dhjNA0jGA8vHBQ1VdD6vV,I Feel It Coming,269186,82,1Xyo4u8uXC1ZmMpatF05PJ,2ODvWsOgouMbaA5xf0RkJe
5WI2ltQIdwgzf1SNE76JyR,Never Be Like You (feat. Kai),234909,72,6nxWCVXbOlEVRexSbLsTer,4NZWRpoMuXaHU7csTjWdB5
1i1fxkWeaMmKEB4T7zqbzK,Don't Let Me Down,208373,82,69GGBxA162lTqCwzJG5jLp,2SByipSK8eZ2pasaIwwzhf
6fujklziTHa8uoM5OQSfIo,Black Beatles,291893,77,7iZtZyCzp3LItcw1wtPI3D,5v6iBhIlflzR9rEd1LAMbd
50QL2fqn6EDwpBUJ5QaQ4m,Porch Swing Angel,230272,72,0EyZDKtc41e4A3a3v69MxD,7luexvVtWLtMnaJfNf0n0W
0cQvicmQo8syJ2Zv8aYDfN,O Pana!,128417,73,1VPmR4DJC1PlOtd0IADAO0,2hAoB9uIsHVFABuuOREFmB
37FXw5QGFN7uwwsLy8uAc0,We Don't Talk Anymore (feat. Selena Gomez),217706,72,6VuMaDnrHyPL1p4EHjYLi7,3kndSWeE2IYOrZEToZrHEV
6fwdbPMwP1zVStm8FybmkO,X (feat. Future),258880,75,1URnnhqYAYcrqrcwql10ft,4I3EcXD4e3KcEoDJfFEZ5b
34xTFwjPQ1dC6uJmleno7x,Godspeed,177922,76,2h93pZq0e7k5yf4dywlkpM,3mH6qwIy9crq0I9YQbOuDf
6C1RD7YQVvt3YQj0CmuTeu,Diles,286040,83,4q3ewBCX7sLwd24euuV69X,6kTizLfVRIbzMzT1tb7dex
1ucnuV88gFTfR3BalmznDk,Lover Is a Day,456000,76,2Tglaf8nvDzwSQnpSrjLHP,1rQys03txxThcRZLofLlHY
3HQcsqRjRdruUjkbDSgmVF,Woo,235586,77,5pKCCKE2ajJHZ9KAiaK11H,4UlGauD7ROb3YbVOFMgW5u
0UHB9METy4VCXNgkcGqHqS,Kiss It Better,253080,80,5pKCCKE2ajJHZ9KAiaK11H,4UlGauD7ROb3YbVOFMgW5u
5NvOZCjZaGGGL597exlQWv,Line Without a Hook,249586,80,0ZUvK7zGdXLd78mQr3t1Tw,25paSmOYSF03s81DCNqQn3
10I3CmmwT0BkOVhduDy53o,Really Really,232093,71,1gPhS1zisyXr5dHTYZyiMe,5Hs43ta4vAYKRRRR7DKjt9
6I6NX6tjGsxFAsIfGzY9lJ,Deja Vu,264746,73,6l3HvQ5sa6mXTsMTB19rO5,3CCnGldVQ90c26aFATC1PW
23L5CiUhw2jV1OIMwthR3S,In the Name of Love,195706,83,60d24wfXkVzDSfLS6hyCjZ,1FOJ5IXGXe8dl0cXvCU6wK
19a3JfW8BQwqHWUMbcqSx8,Famous,196040,77,5K4W6rqBFWDnAN6FQUkS6x,7gsWAHLeT0w7es6FofOXk1
37f4ITSlgPX81ad2EvmVQr,Fight Song,204013,79,3QLIkT4rD2FMusaqmkepbq,0mFDIOqypzHp6Xd0el1hoT
0PDUDa38GO8lMxLCRc4lL1,PILLOWTALK,202746,80,5ZsFI1h6hIdQRw2ti0hz81,5amj9zNeZ3B2EdpBgXrOZ0
2bwSCIuNtVrQPVddCi8sOW,Where You Are,210320,74,6sLwRSXSUF5JTUnQaFenyj,6pZj4nvx6lV3ulIK3BSjvs
5f1j3h5DBkLpGfb90QGFvR,Below the Surface,134857,79,4YbLu4l7vHlJPD9yGjCkRu,776QoK5YUYcf3dib5mUqeE
55Am8neGJkdj2ADaM3aw5H,Train Wreck,208826,83,4IWBUUAFIplrNtaOHcJPRM,7oiJYvEJHsmYtrgviAVIBD
4VqEUmMjhbj6w7g5EVKILE,castles,144906,75,2kCcBybjl3SAtIcwdWpUe3,26dxoE2E0uXPs8zhlo7PxR
4E6QZS2KoOE1U64yMrtpIN,Join Us for a Bite,236511,76,5qvrAlKjc0Sqrqz6v2wBGk,0VMe8U5hfSlZUP7Xw9Xwln
3nAq2hCr1oWsIU54tS98pL,Waves,181573,74,5K4W6rqBFWDnAN6FQUkS6x,7gsWAHLeT0w7es6FofOXk1
0zLClc0emc6qUeV1p5nc99,No More Parties In LA,374413,75,5K4W6rqBFWDnAN6FQUkS6x,7gsWAHLeT0w7es6FofOXk1
3O8NlPh2LByMU9lSRSHedm,Controlla,245226,75,3TVXtAsR1Inumwj472S9r4,40GMAhriYJRO1rsY4YdrZb
4AtZRwSR8BOTTQg5ihSggt,PRBLMS,246773,73,4IVAbR2w4JJNJDDRFP3E83,7iwGw8ob3YLqZrbKzGFnHi
7DcJ6fEBb7BaKuYKTwiDxK,Homage,177493,78,5J81VungUjSVHxlPpTI9KG,6O9YDn12I4WQxUBQE9tpnN
3qdGhfS5yIyqXMNtmJov6o,Brown Noise,73886,75,0QPXkHYX4kJ5mOVJS9PzRi,04jm22tp63AElcz2oH0uyc
4TNFLwe6DhtR3Wn1JKMqMJ,Makeba,248986,78,2HHmvvSQ44ePDH7IKVzgK0,2rb6C1wUwk7hFOVmfgt19k
7JEzAlwHhCD2M1cYE6BeqJ,Loving Machine,227000,73,0Y6dVaC9DZtPNH4591M42W,4oL7pMxnb04uuRI7ReXmuh
4dASQiO1Eoo3RJvt74FtXB,"Sucker for Pain (with Wiz Khalifa, Imagine Dragons, Logic & Ty Dolla $ign feat. X Ambassadors)",243490,78,55Aa2cqylxrFIXC767Z865,704GHNtZhEe9TBgleCNNGv
6wycnu8FWXsj68ig7BEot9,Blue Ain't Your Color,230600,70,0u2FHSq3ln94y5Q57xazwf,1IbfOjLqUSkhtXLpX31WZq
5iUQMwxUPdJBFeGkePtM66,Dang! (feat. Anderson .Paak),305350,75,4LLpKhyESsyAXpc4laK94U,6f6tko6NWoH00cyFOl4VYQ
2EEeOnHehOozLq4aS0n6SL,iSpy (feat. Lil Yachty),253106,73,4qBgvVog0wzW75IQ48mU7v,15qLmAABocTCRBSbWWqL7K
4rJesaufMl2xD0f2G8Xgnd,Stone,335622,71,26opZSJcXshCmCwxgZQmBc,73umj4b9Y8amNnJk6diicy
4BhGTc3Cgay2U1QcTS7vQe,Fire & Desire,238120,73,3TVXtAsR1Inumwj472S9r4,40GMAhriYJRO1rsY4YdrZb
7BiELrM90hRxpozaIXbsLw,Sex With Me,206400,75,5pKCCKE2ajJHZ9KAiaK11H,4UlGauD7ROb3YbVOFMgW5u
43bCmCI0nSgcT7QdMXY6LV,Side To Side,226160,70,66CXWjxzNUsdJxJ2JdwvnR,3pdKKSqqLVIKmRTGw0x2N7
3S4px9f4lceWdKf0gWciFu,Cheap Thrills,211666,72,5WUlDfRSoLAfcVSX1WnrxN,2eV6DIPDnGl1idcjww6xyX
3NxAG2ni1lLa8RKL6a0INc,Childs Play,241400,71,3TVXtAsR1Inumwj472S9r4,40GMAhriYJRO1rsY4YdrZb
7MiZjKawmXTsTNePyTfPyL,Devil Eyes,131271,80,4dM6NDYSfLcspt8GLoT5aE,1RVXVo1puacM8aQ6hgQahi
0qHbOme0fFyIWLNie9HG2t,Champion of Death,116114,71,1VPmR4DJC1PlOtd0IADAO0,1W7VBnHCvLa2cG9yWZT52t
498ZVInMGDkmmNVpSWqHiZ,May We All,226173,71,3b8QkneNDz4JHKKKlLgYZg,09KOjaflTBRE28GVvXqkYC
6NSMQFKgjpQb0KkjMDYIK0,Tu No Vive Asi (feat. Mambo Kingz & DJ Luian),264000,82,4SsVbpTthjScTS7U2hmr1X,12yPsAPzZ5584HxpItKBUn
5Yx9t9RgATAtYoHN8gbRM0,Fool,124021,74,0x4xCoWaOFd3WsKarzaxnW,0vhRTvVCv9O5orRMgFjxT1
3IyCL4Em1GOpNGDf451Hg1,Could Have Been Me,187653,74,3lDpdwM8KILepMHqBWUhIA,7iLnNik9W0ttekJblYrVfj
19Xbs8nrPaB4XGK5nVBbFC,Something to Talk About,204352,69,1Tie3AZgLQZqYEp8Fv4zOZ,2c4NXT3nDspQTLujTdIJHT
3RKjTYlQrtLXCq5ncswBPp,"Hey, Mickey!",115555,77,3IJ21966TwNZI24MwZHMu4,1kKF2bWhCvSNNmWFqQVFei
4cg1yakyRSIOjxKM2I7J1q,Digits,176386,72,50co4Is1HCEo8bhOyUWKpn,2z4c8M8aVzl7CTobIp36KF
7vRriwrloYVaoAe3a9wJHe,"i hate u, i love u (feat. olivia o'brien)",251033,79,3iri9nBFs9e4wN7PLIetAw,3L0H4RjVXpEkwfDgi3XOdf
3CnK206lwL8j2ETlzBC9go,walk away as the door slams,160560,73,2kCcBybjl3SAtIcwdWpUe3,08VSO0uoR2SaKrxcFoJ235
0kN8xEmgMW9mh7UmDYHlJP,Versace on the Floor,261240,81,0du5cEVh5yTK9QJze8zA0C,4PgleR09JVnm3zY1fW3XBA
19YKaevk2bce4odJkP5L22,Nikes,314075,74,2h93pZq0e7k5yf4dywlkpM,3mH6qwIy9crq0I9YQbOuDf
0wdKiSBUT7aZkXUIdJWcwC,2 Phones,240000,71,1gPhS1zisyXr5dHTYZyiMe,5Hs43ta4vAYKRRRR7DKjt9
6t90Z9XkdsHD8xMxro6KRP,Consideration,161066,74,5pKCCKE2ajJHZ9KAiaK11H,4UlGauD7ROb3YbVOFMgW5u
2ANLarE8yHVsLWW21nj79M,You Was Right,163944,70,4O15NlyKLIASxsJ0PrXPfz,7mgdTKTCdfnLoa1HXHvLYM
6gwMhuVPNWwFTTKHKRtJun,All the Debts I Owe,193048,70,0wyMPXGfOuQzNR54ujR9Ix,7spHo6tjPR8hbJab6I0Bwo
0AUURXuRvLPKEH6KaJZSXy,Speak Too Soon,173604,72,59sBwR0jPSTrbMtuTkRPN5,4SMbqvJenspMXbcPROZsVK
5CG9Ps5ynNjpKJHmwc95pa,Somewhere On A Beach,197120,69,7x8nK0m0cP2ksQf0mjWdPS,2GIrLP0PWskhZAJaHQtDux
4Ce37cRWvM1vIGGynKcs22,Starving,181880,77,5p7f24Rk5HkUZsaS3BLG5F,18pR217SWwBjODSRWFBw0I
04mAOoQNsXmDJlyupJwmkO,Waiting Room,393962,72,1r1uxoy19fzMxunt3ONAkG,1SiSNGAf4CVJgF63NJyTw9
1lEk3U3MzbDeL5MNHkE9JU,O Come to the Altar (Live),349586,72,3YCKuqpv9nCsIhJ2v8SMix,6KToyzPBIfHNyB5vWEfjrF
1TQuqiFxqnVeez9OMq3emB,Home,145666,73,0U7iI0Dk4Ojvi17nZboNO4,54lNPJ6xq2QXwG6jLEIf6C
5bodDpPolC3xlame0SVcDY,Angela,201785,68,16oZKvXb6WkQlVAjwo2Wbg,2zbTrm2pIAErzFSopinkbN
4GXl8l1MfZPf2GvpyRPJBf,pick up the phone,252262,72,50co4Is1HCEo8bhOyUWKpn,4MDMfOdhV1IyoRnklwOHG9
4Kup1kDTLoJaUMgpGFPqau,Married To The Game,130037,71,1RyvyyTE3xzB2ZywiAwp0i,3C3RvTGChyw9k6A2uaa2B3
6g0Orsxv6glTJCt4cHsRsQ,Formation,206080,74,6vWDO969PvNqNYHIOW5v0m,7dK54iZuOxXFarGhXwEXfF
0i8JFpqe9cKwnrcvoNgl1L,Feel Invincible,229933,75,49bzE5vRBRIota4qeHtQM8,4rJu3hBFAUqIAQOlSStJzO
6yIHGmQLJxWAUZ1ZkENemN,Can't Help Falling in Love,173174,77,5cKlE8f6b26h61Ml7m052Q,2jg7PvepCK9V7MyWM7pvzr
6ZtiywT2Qm50a1uR0jlY35,"Sit Still, Look Pretty",207761,76,6Dd3NScHWwnW6obMFbl1BH,3NoYyHEGIa8as1c0cisZAt
0jYfN0oxUjdYmAifDBORz9,Friends,152360,72,0U7iI0Dk4Ojvi17nZboNO4,54lNPJ6xq2QXwG6jLEIf6C
2yS8aYWXEWJ1NlZ7VPDroT,Me Vas a Extrañar,176800,77,2C6i0I5RiGzDKN9IAF8reh,5VL90afs1EsezktD44XMIN
5tFep7dXGd7vEJ668wTPux,Both (feat. Drake),190311,70,13y7CgLHjMVRMDqxdx0Xdo,4MoVPs5mVFmZ4N6RmNTFWB
66wkCYWlXzSTQAfnsPBptt,My Favorite Part,216000,74,4LLpKhyESsyAXpc4laK94U,6f6tko6NWoH00cyFOl4VYQ
7zsXy7vlHdItvUSH8EwQss,Cold Water,185360,70,738wLrAtLtCtFOLvQBXOXp,3Kmo85mapQ2wTaCAHBkKsK
0qy5D3OJre7SPJNMOL9I71,Broccoli,225205,67,5M0lbkGluOPXLeFjApw8r8,4mchkmnzdTYIEAnw2FijA3
4mCf3vQf7z0Yseo0RxAi3V,Desperado,186466,74,5pKCCKE2ajJHZ9KAiaK11H,4UlGauD7ROb3YbVOFMgW5u
0BCy325UZyR9z0t0uxwn2N,H.O.L.Y.,194186,70,3b8QkneNDz4JHKKKlLgYZg,09KOjaflTBRE28GVvXqkYC
4tCtwWceOPWzenK2HAIJSb,Work from Home (feat. Ty Dolla $ign),214480,79,1l8Fu6IkuTP0U5QetQJ5Xt,0pF0oyuPNdOObniB1Ng0kW
1A8j067qyiNwQnZT0bzUpZ,This Girl (Kungs Vs. Cookin' On 3 Burners),195546,81,7keGfmQR4X5w0two1xKZ7d,66KCBRiOFSs9bki2A15WlB
26OhjtaTamFocE08t83ml6,"Psycho, Pt. 2",161985,74,1z7b1Pr1rSlvWRzsW3HOrS,21UO4eAaNZ5kultgMBNEHD
0SuLAslEMFZAXf0SwY7syi,All Time Low,217603,68,50JJSqHUf2RQ9xsHs0KMHg,2jJReDZqTuAxr4R0ItimZc
1eQBEelI2NCy7AUTerX0KS,Ultralight Beam,320680,72,5K4W6rqBFWDnAN6FQUkS6x,7gsWAHLeT0w7es6FofOXk1
2XgTw2co6xv95TmKpMcL70,Square Hammer,239293,69,1Qp56T7n950O3EGMsSl81D,3bChCUtpRC1NaCLYD4unbD
1BECwm5qkaBwlbfo4kpYx8,Death of a Bachelor,203506,70,20JZFwl6HVl6yg8a4H3ZqK,6twKQ0EsUJHVlAr6XBylrj
0hUepWE4GoMwtKgU8vE617,G.O.A.T.,184905,72,7ibAWtDtmEfaVhc1FJ3Vl9,7KNNWIPBk4Josbqhfa2KI3
0ESJlaM8CE1jRWaNtwSNj8,beibs in the trap,213863,71,0Y5tJX1MQlPlqiwlOH1tJY,42WVQWuf1teDysXiOupIZt
36phXHOKx8rO7CMp2vNX4x,Love Myself,218773,73,5p7f24Rk5HkUZsaS3BLG5F,1ABRc0UFHY3x6rKQeFBTQ0
35xSkNIXi504fcEwz9USRB,Solo,257380,71,2h93pZq0e7k5yf4dywlkpM,3mH6qwIy9crq0I9YQbOuDf
0rRjGruFonCGOt0S5zAJNQ,The Other Side Of Paradise,320654,72,4yvcSjfu4PC0CYQyLy4wSq,6qb9MDR0lfsN9a2pw77uJy
1JxhrUWZjuI8AOjDJ1JpMN,Soy Peor,257384,77,4q3ewBCX7sLwd24euuV69X,7ofZgPzOIVXY4ADCrGUqgF
2RPbEp0DyBVlkRvvYKopO7,Wat's Wrong (feat. Zacari & Kendrick Lamar),330783,71,6aaMZ3fcfLv4tEbmY7bjRM,6jjX8mGrsWtrpYpFhGMrg1
3Mi2DxVPiT7j2EHdxOFCg3,Never Be Alone,180000,76,2fZ2nHEB3va8LTHXX8oKgU,0MZHZHozOZe5L2uVSVdD0M
7soJgKhQTO8hLP2JPRkL5O,One Call Away,194453,68,6VuMaDnrHyPL1p4EHjYLi7,3kndSWeE2IYOrZEToZrHEV
6JjEVlMkfHWMeYavkEYzNO,Gassed Up,193911,69,5lCY3tqdQxbeg5igSlObaT,6YCcGxz3l1shgr3F7XbNee
0g5EKLgdKvNlln7TNqBByK,Middle,220573,78,540vIaP2JwjQb9dm3aArA4,02sEJTj1sye1JaqxqpcSCp
0vbtURX4qv1l7besfwmnD8,I Took A Pill In Ibiza - Seeb Remix,197933,82,2KsP6tYLJlTBvSUxnwlVWa,6Phl1V5P0sPrWJytXHGFeO
77U6kcldLRFl9vCfaw11Sr,Champagne & Sunshine,196363,75,4V2pR2iSd1g0RZCglrP3jn,0ypRXml4YrjqnfL4D4S7qg
0JwfrZk5keNp3SYhZn6Wi1,No One Knows,271246,70,3tlXnStJ1fFhdScmQeLpuG,2pIpBDT8RtmJ5Vhb86BOcd
4h90qkbnW1Qq6pBhoPvwko,Sidewalks,231360,75,1Xyo4u8uXC1ZmMpatF05PJ,2ODvWsOgouMbaA5xf0RkJe
6M0IsaUX4GNyto4niSegfI,No Option,179826,71,246dkjvS1zLTtiykXe5h60,5s0rmjP8XOPhP6HhqOhuyC
1LPGwuFgIzbJoShfDdw7MY,Youth,230693,72,4yvcSjfu4PC0CYQyLy4wSq,6qb9MDR0lfsN9a2pw77uJy
7dZ1Odmx9jWIweQSatnRqo,Million Reasons,205280,79,1HY2Jd0NmPuamShAr6KMms,2ZUwFxlWo0gwTsvZ6L4Meh
6YH2r9NyEJTjlRmKOCvxgJ,We Know The Way,141413,69,759h9uEwoHm8KKq1pGI9RH,6pZj4nvx6lV3ulIK3BSjvs
6K4Co1NQyOnoFEJMkZHkln,James Joint,72080,70,5pKCCKE2ajJHZ9KAiaK11H,4UlGauD7ROb3YbVOFMgW5u
2ACOWPLUe4A4KuQ5ioD2od,That's My Girl,204013,76,1l8Fu6IkuTP0U5QetQJ5Xt,0pF0oyuPNdOObniB1Ng0kW
38gZVjeaeR3gcnCzziAxBm,Middle of a Memory,226306,68,1mfDfLsMxYcOOZkzBxvSVW,7EZEhfO3ULNRHwX2jaiGei
08yLUqguQT35Gq0hMVqXs1,ghost girl,173946,71,2kCcBybjl3SAtIcwdWpUe3,4MTh1JiOhgK2BQQjKI5RyI
0v9Wz8o0BT8DU38R4ddjeH,No Problem (feat. Lil Wayne & 2 Chainz),304606,68,1anyVhU62p31KFi8MEzkbf,71QyofYesSsRMwFOTafnhB
0ANegBVvYb1jXWXLMbdZFs,Gym Class,217000,71,2kCcBybjl3SAtIcwdWpUe3,2s4wPDLRTLr2HtZRLxnFIu
0VhgEqMTNZwYL1ARDLLNCX,Can I Be Him,246880,81,4IWBUUAFIplrNtaOHcJPRM,7oiJYvEJHsmYtrgviAVIBD
1o0kWPueYo94LIjPYOE5Nf,Saint Pablo,372113,74,5K4W6rqBFWDnAN6FQUkS6x,7gsWAHLeT0w7es6FofOXk1
1MtUq6Wp1eQ8PC6BbPCj8P,I Took A Pill In Ibiza - Seeb Remix,197933,70,2KsP6tYLJlTBvSUxnwlVWa,1Tz3Ai1guEFf4hV3d9i17K
3px2rAPu74ltbkf9eZsZ8h,Emperor's New Clothes,158666,71,20JZFwl6HVl6yg8a4H3ZqK,6twKQ0EsUJHVlAr6XBylrj
1vvNmPOiUuyCbgWmtc6yfm,My Way,219159,81,7CajNmpbOovFoOoasH2HaY,0dzeoQhVNzKkwM5ieOJC54
47KDDZgFiX1w6RFOuLXsSn,Tomorrow,240586,68,1fZpYWNWdL5Z3wrDtISFUH,6gtu2oXhmDQN8TAsWimZbj
01JPQ87UHeGysPVwTqMJHK,She Don't (feat. Ty Dolla $Ign),264097,71,7HkdQ0gt53LP4zmHsL0nap,0AoPcGhCHaz9K96DoJoKlu
4cRBqWBjuccCowYVHFlXK6,Redemption,333946,70,3TVXtAsR1Inumwj472S9r4,40GMAhriYJRO1rsY4YdrZb
5GXAXm5YOmYT0kL5jHvYBt,I Feel It Coming,269186,78,1Xyo4u8uXC1ZmMpatF05PJ,4AdZV63ycxFLF6Hcol0QnB
1BViPjTT585XAhkUUrkts0,Seigfried,334570,71,2h93pZq0e7k5yf4dywlkpM,3mH6qwIy9crq0I9YQbOuDf
2fh3bZ8jZhMxOcfESE9nQY,Don't Threaten Me with a Good Time,213093,70,20JZFwl6HVl6yg8a4H3ZqK,6twKQ0EsUJHVlAr6XBylrj
4NZrZgrRoR4GwR7flWOXRI,Go Fuck Yourself,129599,77,5sWHDYs0csV6RS48xBl0tH,1T2zfKOl2TFkwRuQ7arglc
19FhhS93siEpzNIUG0J7Xa,absolute in doubt,227066,72,2kCcBybjl3SAtIcwdWpUe3,4MTh1JiOhgK2BQQjKI5RyI
3CuscN8itbT86pQFKQMIk7,Where The Skies Are Blue,140120,66,16oZKvXb6WkQlVAjwo2Wbg,5fY8mYgYGkyaJ9XvVOzVQA
433P7tDcIAi6NLnf4Sh6tI,Still Here,189853,68,3TVXtAsR1Inumwj472S9r4,40GMAhriYJRO1rsY4YdrZb
1Vk4yRsz0iBzDiZEoFMQyv,Mia & Sebastian’s Theme,98040,72,2snm3HmsnDUDxbIChdl2Oj,3GU8BzFEAdFSRjc8jZkL3S
2H30WL3exSctlDC9GyRbD4,Live Well,249840,70,48vDIufGC8ujPuBiTxY8dm,6cmFNl8lllA6BGc7SKLy3y
20dP2DaMHIAmwWAbp7peSr,pick up the phone,252256,71,50co4Is1HCEo8bhOyUWKpn,42WVQWuf1teDysXiOupIZt
0HtOJj7Kl74s1Ngf3MWeif,She's Mine Pt. 1,209080,68,6l3HvQ5sa6mXTsMTB19rO5,3CCnGldVQ90c26aFATC1PW
2lpygKqzPFtItQ4ss3cgfb,Cinderella (feat. Ty Dolla $ign),480186,69,4LLpKhyESsyAXpc4laK94U,6f6tko6NWoH00cyFOl4VYQ
5XMkENs3GfeRza8MfVAhjK,Finesse,191000,74,0du5cEVh5yTK9QJze8zA0C,4PgleR09JVnm3zY1fW3XBA
2VlLbhGLVJgdOW7kKdWWFc,Six Feet Under,189613,76,6qqNVTkY8uBg9cP3Jd7DAH,74TRp3O8BRdGxc0XO0UzoY
6dKHEOxmG7I6SraR7QFT6e,D.T.B. (Interlude),287555,67,31W5EY0aAly4Qieq6OFu6I,2OQEAqShAl6SodrGhmYZ4Z
1vvnYpYEMVB4aq9I6tHIEB,4 Your Eyez Only,530253,69,6l3HvQ5sa6mXTsMTB19rO5,3CCnGldVQ90c26aFATC1PW
7mTOeGfsxp8WXvVLL2B76c,right here,176906,72,2kCcBybjl3SAtIcwdWpUe3,1BwO2ld0Rto6WRhCq5fdCw
5xjTqz4aYQeBnFhwMPmfx9,Kickin’ Back,202434,70,6cN9XwPMj9bWzJ32GC6V7v,3wlzfD1t9CCQToaqR0rYFG
0qqRNnwh86N1XBV94GVgQN,SimpsonWave1995,142602,74,3nHKeOa45XrUplL3NiGy7E,0Gzj4guppkGrYLKnBnKPvB
4IWGnyOHDrVZEtPWfs4s7q,Do What I Want,175203,67,4O15NlyKLIASxsJ0PrXPfz,6LX75kNicFqjjiAOeZgN67
1Kxap8UbrmlXcgKBuCysNg,Quién Se Anima,97240,74,4J13m9IZh03PEhoxAxRhXO,3XPV75rmAKWAeVJtXuERzz
1mWdyqs6Zvg8b1lKjDc8yB,Good Good Father,293398,69,6pRi6EIPXz4QJEOEsBaA0m,2XOKt6AVcxdBs1Za7AxGj2
1ffKh2d1EzZlvuvVj2xpI9,I Got No Time,166333,72,0I6yADrmeyvw66g7yjkqIF,0aUjoOJRURgIbHehXYjOsV
4B6FybzCJwJLdRxuC2lRmY,cobain,150160,70,2kCcBybjl3SAtIcwdWpUe3,08VSO0uoR2SaKrxcFoJ235
23EkfwUdsRIz7jAZIcC8gb,Stay A Little Longer,335480,67,39NR3AUhpbbqKM33vWn2fp,6BId6JLmkyr9QC81RdUWqT
3s5NrHgyTkuinl0TgHCHeK,Hurricane,319227,66,5K4gVy6DhNd39mSjuK95Y7,0JGmK6gTeDeca4ijGPEUaf
2oaK4JLVnmRGIO9ytBE1bt,Dark Necessities,302000,76,0L8ExT028jH3ddEcZwqJJ5,43otFXrY0bgaq5fB3GrZj6
5f6esnDQcBiFAm8iMfkw12,Silkk da Shocka (feat. Syd),166086,69,6aaMZ3fcfLv4tEbmY7bjRM,6jjX8mGrsWtrpYpFhGMrg1
53mChDyESfwn9Dz8poHRf6,Taking What's Not Yours,205650,69,0Y6dVaC9DZtPNH4591M42W,4oL7pMxnb04uuRI7ReXmuh
1trZGMI2CGyVT44STkpCoN,Let Me Explain,223969,68,2EMAnMvWE2eb56ToJVfCWs,3BjVNKsPNcmSGG5n4bHNUq
3lSDIJ2abCrOdDJ6pshUap,Close,234213,71,4Rxn7Im3LGfyRkY2FlHhWi,4Yww2EYetseL1eL2YuvLna
6od5hFv9IT5JHc7NEF9HRv,Victorious,178600,69,20JZFwl6HVl6yg8a4H3ZqK,6twKQ0EsUJHVlAr6XBylrj
0ErK6K0kYr0Ow2RkPMhmMs,Shout Out to My Ex,246240,76,3e7awlrlDSwF3iM0WBjGMp,4w49hcqZt66HZX0MJHfW0m
0mb7btREdC3wuIUmuVRgWn,"I'm Still Standing - From ""Sing"" Original Motion Picture Soundtrack",187853,68,5nwjcZ87CGNRiO98nFKdOD,5Sdmly0VRVw0wIow5eMHAW
1gZNqH0rDxD1mXLeul1Qq7,Time for That,208440,65,1gPhS1zisyXr5dHTYZyiMe,5Hs43ta4vAYKRRRR7DKjt9
44x52QgzCxa1VdrLLNZMaw,Sarcophagus II,185725,66,3H6CaRooDAoCeRCpYwOXj2,1rcqcrADJOrtw4V0yRTc1N
49vZduMPCMnDDrl1WBxUDk,Let Me Love You,223853,65,66CXWjxzNUsdJxJ2JdwvnR,3pdKKSqqLVIKmRTGw0x2N7
0lQJBl9YEsoMtE8D4yTE9g,From the Ground Up,253933,67,7z5WFjZAIYejWy0NI5lv4T,4rQa0t2qWm1MNPy7DNEUHB
3nvq7dUw9ISmhtrjBrSfOE,hellboy,177160,70,2kCcBybjl3SAtIcwdWpUe3,08VSO0uoR2SaKrxcFoJ235
06VjwfFALG0FKfgUPThUkb,OMFG,197853,69,2kCcBybjl3SAtIcwdWpUe3,08VSO0uoR2SaKrxcFoJ235
2bX3Cb6QE8OetYBwJKnd0o,Southern Land,222093,65,58nB2Z6IiDdTUTwHYw56xI,06O3dxp8QBUjimf94haj4q
0QQIhT6PtJ5glyn4HKNKQ6,All the Pretty Girls,269893,72,7jdFEYD2LTYjfwxOdlVjmc,4he4SQup02hEIQdwhZlZlk
4RJTTrZqPFWaWACVXHkvjw,Everyday,194840,66,66CXWjxzNUsdJxJ2JdwvnR,3pdKKSqqLVIKmRTGw0x2N7
3pjUyVbFmM96tYhSaKJwTt,Change,331480,69,6l3HvQ5sa6mXTsMTB19rO5,3CCnGldVQ90c26aFATC1PW
6snoOAATGyud5oaIT9gwws,The Happy Song,157924,73,6Xb4ezwoAQC4516kI89nWz,4JmrIJbpHWHZxOJg4awGh4
08wJ1B9yu9sPeoRa5fbpr3,It Ain't My Fault,216800,67,39NR3AUhpbbqKM33vWn2fp,6BId6JLmkyr9QC81RdUWqT
316r1KLN0bcmpr7TZcMCXT,The Sound,248880,65,3mIj9lX2MWuHmhNCA7LSCW,1JFmNyVPdBF1ECvv4fhpW4
7K5dzhGda2vRTaAWYI3hrb,"Just Like Fire (From the Original Motion Picture ""Alice Through The Looking Glass"")",215413,72,1KCSPY1glIKqW2TotWuXOR,09K53TLaJZ156prccNvwuS
1N3dZ7TTWO6VcD4Y3hHYLZ,Try Everything,196853,72,0EmeFodog0BfCgMzAIvKQp,3X6netsswLt0U97Doga56C
1ehPJRt49h6N0LoryqKZXq,How Far I'll Go - Alessia Cara Version,175506,66,2wUjUUtkb5lvLKcGKsKqsR,6pZj4nvx6lV3ulIK3BSjvs
3ZpajXo0KgjHw5WSMMIDfy,Gente De Accionar,172297,73,4aWhlVjiUjYHpVWBPP8AFc,36T7295UHRjUmh2HxKNkDR
1OgoDWWGzCe6uwVdo2pozN,Gravity,204068,65,7wlFDEWiM5OoIAt8RSli8b,2O8EgP8trTkKflc5qtXyrl
37adYGaYaAWTGhBaOzX4Fh,Take A Slice,229717,69,4yvcSjfu4PC0CYQyLy4wSq,6qb9MDR0lfsN9a2pw77uJy
1rEdvfLrkCB4RqxI8D6ZNR,Aliado Del Tiempo,272920,74,0UOSIKhi6uZP7SVEJKYRMo,4g2vkEYYuBVP72ZHbcxnU2
0TQ9Hf5DwI9crGZSIlq445,I Know She Ain't Ready,184746,69,718COspgdWOnwOFpJHRZHS,4Nr8sEsN2h0xMbqJNsFbyJ
5FX89IUKm9QJT9ymrmyK4k,Free Lunch,192029,69,6aaMZ3fcfLv4tEbmY7bjRM,6jjX8mGrsWtrpYpFhGMrg1
5ExWCOYjZbMEZCIdlfH2dO,Song About Me,243727,69,0Y6dVaC9DZtPNH4591M42W,4oL7pMxnb04uuRI7ReXmuh
63CHa6rmamv9OsehkRD8oz,Against All Odds (Take a Look at Me Now) - 2016 Remaster,206360,78,4lxfqrEsLX6N1N4OCSkILp,7yZHLfxqiGPbSQLrVJljah
3cqZH3cqvfbV8wVbvHyPbG,Red Opps,163340,66,1URnnhqYAYcrqrcwql10ft,5vjDtsdTgQC7B5jsLvehaF
4h7Hxf4UpXP4AdDSq7ziSS,Pump Fake,280615,66,7e7nmtA3OQEUdVjn5rG3Tz,6xqAqJiQNeeFWvTK7rDCGr
5rmcjZTrE9JR1YrbNZDFNW,She's Mine Pt. 2,278920,66,6l3HvQ5sa6mXTsMTB19rO5,3CCnGldVQ90c26aFATC1PW
3NfqN997u9A3YAAafgzhIa,All I Think About Now,187320,70,6zvul52xwTWzilBZl6BUbT,5F9YYEKDxenkRpyuovdqZe
3zjjzKg16tczCMwckGKGuH,Happy Pills,203080,71,4OTFxPi5CtWyj1NThDe6z5,5t54vdZ7HdfogMEMKVfRR1
63thx7OANplv4I4BQsanHk,You Should Be Here,190173,66,1mfDfLsMxYcOOZkzBxvSVW,7EZEhfO3ULNRHwX2jaiGei
04boE4u1AupbrGlI62WvoO,White Noise 3 Hour Long,10828190,70,2c5WYCqQGs0UttiLCzVfOe,6rKCY6f6sJ6gyLjbrFTTs0
79M3Eq1q61lkeQJ1OCVEdZ,The Devil's Bleeding Crown,238653,66,0L5fC7Ogm2YwgqVCRcF1bT,43UPS43heoPmecwkeQhAnI
16Ah4QqH4mgYVXqfC4mdSd,LUV,228640,70,2jku7tDXc6XoB6MO2hFuqg,5tBOCi2TekXZ1IbrmlBZO4
3lB0GMiI5KxDbTOG8V3bOx,waves - Tame Impala Remix,253346,67,360IAlyVv4PCEVjgyMZrxK,4sJXyIfwduIWFISb4iCq2f
7cTfKO6i6qBaO8DjWUplLM,nineteen,177040,69,2kCcBybjl3SAtIcwdWpUe3,4MTh1JiOhgK2BQQjKI5RyI
1Wsbr1d2BouNGk2q92mIj7,Pt. 2,130293,70,5K4W6rqBFWDnAN6FQUkS6x,7gsWAHLeT0w7es6FofOXk1
5masKPHeAOVNgxdLebIcK7,Stole the Show,223186,79,23fqKkggKUBHNkbKtXEls4,0uMIzWh1uEpHEBell4rlF8
1IqF5PUDUnaykHLs0RWbDO,Time Moves Slow,273864,70,65dGLGjkw3UbddUg2GKQoZ,5wAGlQICfKYQfaBppnUbmP
55aOpqGaMRWhwm6cDPUtsV,white wine,156800,68,2kCcBybjl3SAtIcwdWpUe3,26dxoE2E0uXPs8zhlo7PxR
6WC5fhc9XMaCrUNKNjm9xE,Thumbs,216466,72,74KM79TiuVKeVCqs8QtB0B,7iOAJaGBmk67o337zaqt0R
6kcHg7XL6SKyPNd78daRBL,Sweet Talk,192040,67,1dWEYMPtNmvSVaDNLgB6NV,43URJ507cdoIRy3GJdfxjs
40yJGQyEaBbIkXpwMFkXip,One Night,243269,66,6icQOAFXDZKsumw3YXyusw,4bJqW1SBOvsfcEzZwsjdjx
0M4yIKkXPQ8nwAhfxIA1Yu,lil jeep,203026,69,2kCcBybjl3SAtIcwdWpUe3,4MTh1JiOhgK2BQQjKI5RyI
6KI1ZpZWYAJLvmVhCJz65G,You Don't Own Me (feat. G-Eazy),201493,72,6y5amJcTjeDgLXIjtQLMst,2AUhyBQANk5FKHD6WCbxja
1IZwCzAmaFmmdJj0cmhaax,Shiny,185466,67,1Ymky4GOgYA1NI96FCY8yE,6pZj4nvx6lV3ulIK3BSjvs
1gGsNNUfvVMOv4llVMg8Vg,Ps & Qs,221538,66,4O15NlyKLIASxsJ0PrXPfz,7mgdTKTCdfnLoa1HXHvLYM
0WyFpxYlBCgH1gMXd26OOr,Flatliner (feat. Dierks Bentley),177066,66,1mfDfLsMxYcOOZkzBxvSVW,7EZEhfO3ULNRHwX2jaiGei
2jJdICOkaTipsM9zccfbeS,See the World,138451,66,0wyMPXGfOuQzNR54ujR9Ix,7spHo6tjPR8hbJab6I0Bwo
7g5qe8VITjr13RIe8uM2p6,Your Best American Girl,212183,69,2uYWxilOVlUdk4oV9DvwqK,4Coa8Eb9SzjrkwWEom963Q
6gz3orrUlKresI8GShSkdq,A Burning Hill,109627,69,2uYWxilOVlUdk4oV9DvwqK,4Coa8Eb9SzjrkwWEom963Q
5A6BJLZArq1MPjsnmcuk5f,Lights Down Low,223846,63,1bqxdqvUtPWZri43cKHac8,1fVVnWHdCvIas2Rdmc25Oc
70kdJnm1X6eEM8DbWa8Mnc,YOU'RE THE ONE,227706,72,6qgnBH6iDM91ipVXv28OMu,6JD4Qerb8IcaAzFgpFw0sa
3gjRRs7gmh3Euynu1cau1d,This December,181920,69,0ZUvK7zGdXLd78mQr3t1Tw,25paSmOYSF03s81DCNqQn3
4V3BVJxfVsGTTMPvlqMVR2,Una Banda Y Un Corrido,165946,68,5IaAggho4F1gWHE5REe1e8,4nNq4zqXInRxhZJps17IRq
0t0WIrjRcvgBAwLlby2gsZ,Down,225693,73,3jFjgKOGfVLWfXX8q5wrsg,7CpmPDrPfeDnR4ykfM7OYE
5HGxLtYxTriF7mMiriSpaz,You Were Right,239417,73,5Pb27ujIyYb33zBqVysBkj,4EAehCii5lZgeewct1LA5p
4COGASZEbAxmH6k5gYMo6G,"0 Sentimientos (Remix) [feat. Noriel, Darkiel, Lyan, Messiah & Baby Rasta]",335736,78,5bWUlnPx9OYKsLiUJrhCA1,4dd7tLtioKjtq7v9byyPV6
36seMHoyXmLUNxcwzwjdF7,Please Notice,116666,70,2G8UkPZnQ8i78L8TfqP1X6,58g2PHmbpBfwmBU2SICdxc
60xaS8mYBKUW4VQQ666N0T,All Night (feat. Knox Fortune),141542,68,1anyVhU62p31KFi8MEzkbf,71QyofYesSsRMwFOTafnhB
72zmwnbXjx9fMUjw3mbDSs,All We Ever Knew,225560,66,0n94vC3S9c3mb2HyNAOcjg,0EFitK3T7hqin7iGMbpltM
6BbINUfGabVyiNFJpQXn3x,Wicked,173346,69,1RyvyyTE3xzB2ZywiAwp0i,3jJKDKdlwRS584zUlHV2Ly
0So2sgVa8aJiARPl2P29u2,Pope Is a Rockstar,187333,73,6vVztIuqdDHvYWxOEXCzjN,7ywSMs3G2OWOGVKMqc7KsE
4jY5SnGbpH6FdGCqVbhOD4,Te Pintaron Pajaritos,172558,82,3ptY5WTxu77JpAQQnHyxEl,3ssXQwFXNc3NBc8r2aMS9E
3NJG6vMH1ZsectZkocMEm0,Tiimmy Turner,239853,69,7pFeBzX627ff0VnN6bxPR4,7zf9kyxc3ZhJv79HrjTRir
0lnIJmgcUpEpe4AZACjayW,Sorry,232560,68,6vWDO969PvNqNYHIOW5v0m,7dK54iZuOxXFarGhXwEXfF
0uRHot8ml8U8cYVwwzMwNT,Corazon De Seda (feat. Ozuna),186976,72,6ejQ8vRKDUNBT2UyG3OaAM,303q7Gwd1npoNdMFtoAe9s
3BEcp9rBGI5boxI9dgFa0W,La Vida A Lo Que Da,131867,67,0pgvlX0BkfmeirXTDiNmya,4F1z8wRKb2tXPUhnMEHlU0
7A0FGrZsLgOUmeNtMTnt4z,Nobody Knows,188573,68,16oZKvXb6WkQlVAjwo2Wbg,1YrocR69AHthl982tykNpQ
5v7kaZNsnyByrSJOfO8gKq,Skrt,224864,65,46SHBwWsqBkxI7EeeBEQG7,5pgyZ32nzg48ugJS2QVVuS
0YSTRuZ7elW9CEBfZJW5Js,Hard For,247600,64,1gPhS1zisyXr5dHTYZyiMe,5Hs43ta4vAYKRRRR7DKjt9
5IsSDMqDi2YmLjfx5jGDsW,The Worst In Me,229209,68,3Ri4H12KFyu98LMjSoij5V,2Di81karStvWRrnERvIOQC
432hUIl3ISDeytYW5XBQ5h,Wolves,301586,70,5K4W6rqBFWDnAN6FQUkS6x,7gsWAHLeT0w7es6FofOXk1
2WZTzjYMHYmadyQjSZ6Vj4,"February 28, 2016",233685,63,1Tie3AZgLQZqYEp8Fv4zOZ,2c4NXT3nDspQTLujTdIJHT
6CGMZijOAZvTXG21T8t6R0,Innerbloom,578040,76,5Pb27ujIyYb33zBqVysBkj,4EAehCii5lZgeewct1LA5p
7fPyCCiXVwbzPQ1MtoUChl,Hide Away,191368,69,6Dd3NScHWwnW6obMFbl1BH,3NoYyHEGIa8as1c0cisZAt
1kFlDnWmBTvCBxxeGDpIdp,7 Years (Remix),134197,69,39G9Mcs99KhOEtVuthwztS,1UR8sxJvEYKJRmKWBaHh67
0M6ubxqeWNNB6RgeobpaV2,El Hombre Del Equipo,223998,71,0ssx5sZQzc1nZZF2Ks8qXZ,6LK6fOmrYEovTCldkjLR6x
1C7KSXR2GVxknex6I4ANco,9,255786,66,3TVXtAsR1Inumwj472S9r4,40GMAhriYJRO1rsY4YdrZb
7KyTq7H5f3Oavmuo9TX6QK,Too Many Years,196336,66,46SHBwWsqBkxI7EeeBEQG7,6dAUCUgPdEiorKV7101AtE
1W7zkKgRv9mrLbfdQ8XyH3,Gangsta,177028,75,0cGUm45nv7Z6M6qdXYQGTX,5rOHrnrRomvSJhQLGVtfJ8
0mBKv9DkYfQHjdMcw2jdyI,Chunky,186973,72,0du5cEVh5yTK9QJze8zA0C,4PgleR09JVnm3zY1fW3XBA
3MEYFivt6bilQ9q9mFWZ4g,Alone,273802,73,64KEffDW9EtZ1y2vBYgq8T,7ePC9qS9mSOTY9E0YPP6yg
0OMRAvrtLWE2TvcXorRiB9,La Gozadera (feat. Marc Anthony),203160,76,2cy1zPcrFcXAJTP0APWewL,2HXRjHb2nbLJa5r70FBtdT
1Be8liECvEP5NYZjYvukbI,She Ain't In It,198466,64,4MoAOfV4ROWofLG3a3hhBN,1DTBcVfk3zXPHRmgpY6rFZ
2Zy7XVdxyZQB8xp5xbpJdl,way back,272500,67,0Y5tJX1MQlPlqiwlOH1tJY,42WVQWuf1teDysXiOupIZt
1NBJoYCz83qtBFGGPgfTkQ,Sheriff You Want To,221120,66,718COspgdWOnwOFpJHRZHS,7ENhewQQ9Hp8mdEAyIsWvW
5q2JbCNi4FcnglgPfxcV65,Sola (Remix),307910,79,2R21vXR83lH98kGeO99Y66,2ucmNNr2Y9ZI7fP4oAMdIj
6ATgDc6e4sPn84hvJsAmPt,hate u love u,175466,73,1QRj3hoop9Mv5VvHQkwPEp,0rajxwGsaQ1sqoegXK6gvw
6VnqGxiMNexOe0kRmIsBw4,Ain't Nobody Takin My Baby,189231,67,1z7b1Pr1rSlvWRzsW3HOrS,507vscnpu2fPaKmA5nC3pX
6q4zA7hWKFF6wsJ64DWdwU,Amor de Siempre,321951,71,2Tglaf8nvDzwSQnpSrjLHP,1rQys03txxThcRZLofLlHY
7Gs3otHnZDq514kFHf0nx7,Blue Notes,227808,69,20sxb77xiYeusSH8cVdatc,6sNbRwX0lZREkdmUSDsVzo
1Ci4wASMY4xtKVMeHA6Sd5,through the late night,286235,68,0Y5tJX1MQlPlqiwlOH1tJY,42WVQWuf1teDysXiOupIZt
07mdQUH1Cy5j4mTpyG6IOe,Let Go,248056,71,3zaxUd86U92CdZkNa6NUo9,2jyHYK0byP7L61nlSJf4Wn
1I8tHoNBFTuoJAlh4hfVVE,Firestone,271640,79,23fqKkggKUBHNkbKtXEls4,0uMIzWh1uEpHEBell4rlF8
1kEINOBYcSCQ5RwkP65g2A,Drive By,178587,65,7ibAWtDtmEfaVhc1FJ3Vl9,7KNNWIPBk4Josbqhfa2KI3
5O9Dz0h08LuBi0aVvDcylh,The Resistance,232066,71,49bzE5vRBRIota4qeHtQM8,4rJu3hBFAUqIAQOlSStJzO
4Q2xPu7B9e3PDnIUMXHw29,Mi 45,151903,69,0my6Pg4I28dVcZLSpAkqhv,1xTOE6MCUeSYrI62QrbJpt
276zciJ7Fg7Jk6Ta6QuLkp,Come Down,169726,66,3jK9MiCrA42lLAdMGUZpwa,4VFG1DOuTeDMBjBLZT7hCK
2ravLKGYnJWa7szKSBRTRJ,Corduroy Dreams,206974,70,7pbDxGE6nQSZVfiFdq9lOL,2PdLUS263cFyd7efyWH5B8
1GxNPd5r7D1zChEMuMhue0,Only,268455,64,2KjAo6wVc9d2WcxdxSArpV,0DvauBOn2G8RIEQR54Cmiv
13MF2TYuyfITClL1R2ei6e,BOOMBAYAH,240793,77,41MozSoPIsD1dJM0CLPjZF,0FOOodYRlj7gzh7q7IjmNZ
5aOpzm8W8zysk4asB9hxJw,Say It (feat. Tove Lo),262521,63,6nxWCVXbOlEVRexSbLsTer,4NZWRpoMuXaHU7csTjWdB5
2c4Est3dxGfn834VReid5d,Safeword,216762,66,0Y6dVaC9DZtPNH4591M42W,4oL7pMxnb04uuRI7ReXmuh
6xpF0dbtDGmEd0En18Kfwl,Wandering Child,184426,66,59sBwR0jPSTrbMtuTkRPN5,4SMbqvJenspMXbcPROZsVK
1euszbbvkUzQzIhZUWFmXG,My Name Is Human,258773,65,2pqd3HsfsvcBGtHvPOg6eg,3TC40H9dIJArFzy0rWnWCg
6ee2ezCrbtoGUMwVJ9qTvM,we think too much,198626,67,2kCcBybjl3SAtIcwdWpUe3,08VSO0uoR2SaKrxcFoJ235
4ckuS4Nj4FZ7i3Def3Br8W,Sneakin’,251333,67,3TVXtAsR1Inumwj472S9r4,2z3NlPY0n0gHJPCPqrzA6V
3K7xYRXPFDVyen7cZF5Zk2,Get Back Up Again,165773,67,6xfqnpe2HnLVUaYXs2F8YS,65ayND23IInUPHJKsaAqe7
3LmuxO8mh3wwIfRUqHJFFy,I'm The Man,235702,71,3q7HBObVc0L8jNeTe5Gofh,1drbmKKBqBbWVaIt0AUKGa
5pfJsMwoRYKampPay8amX0,"Downtown (feat. Melle Mel, Grandmaster Caz, Kool Moe Dee & Eric Nally)",292593,69,5BcAKTbp20cv7tC5VqPFoC,2kqn09pydzvKvB3xWbAxY4
2NaGl56lq71UMzDSI8jmJ3,Away,162333,67,0U7iI0Dk4Ojvi17nZboNO4,54lNPJ6xq2QXwG6jLEIf6C
7LZN7FkxHZk6maiN6NdI2i,Dark Days,180413,63,75dQReiBOHN37fQgWQrIAJ,2qiPY1CqHGexT4yWrQ5uX0
6zUy2nnchfZpzaDalE6sO2,Circles,224306,65,4iJLPqClelZOBCBifm8Fzv,4wIX07SiESzMbSLCK3qCWQ
2jGjNCH6Op0BqBHPc4Rd8d,Lovely,291098,66,3tlXnStJ1fFhdScmQeLpuG,2pIpBDT8RtmJ5Vhb86BOcd
2TLz1ezRkzKgMfRQWZZCun,Rolling Stoned,218333,63,2pSObt5Fk8izuX8ZfI3jRn,3csxGmaHUPUeNJrOc8kPoB
7fwE3Nr0RsTzYOocfu2XbV,Never,384116,68,4pRlsLqOBsPKbTr4aSAe2y,6UXGi2ZR2aJ8JfXqnEaI3t
5GFb9XV4WnIQZ3H6dr9lbd,Mañana Voy A Conquistarla,145560,72,4J13m9IZh03PEhoxAxRhXO,1fLCJYEq0kv87PSPdCB0dC
6bLopGnirdrilrpdVB6Um1,The Greatest,210920,77,5WUlDfRSoLAfcVSX1WnrxN,2eV6DIPDnGl1idcjww6xyX
0lPXFrKyl8HkdQ2E6NmNja,Ya Me Enteré,204173,78,0vR2qb8m9WHeZ5ByCbimq2,6Tap30zqzXj22sVKoy1GUj
3QwBODjSEzelZyVjxPOHdq,Otra vez (feat. J Balvin),209453,78,21451j1KhjAiaYKflxBjr1,22lEQJ7khtB2yvsq84FDQb
2nBI3iWLhupR7LyAJ5GGkE,Champions,334253,66,5K4W6rqBFWDnAN6FQUkS6x,1xuSorM2dDIiB5zhftB5NY
4gsR34XSIE2fUY4odwZqym,Seventeen,225666,66,32Ko3nL0210QAt14S3Rs4Y,4BrJEabBSw59bwSjKZl25p
0vMezqQQHkkUrYdL6mgRA2,Grey Magic,142706,65,1VPmR4DJC1PlOtd0IADAO0,5JPMrbyhWdReHLXNa0V1Vs
6uk7QQiWRDjPHSiSMZlez8,I Am Moana (Song of the Ancestors),162826,66,1kB7GlXzdNWl28zLcOkQqU,6pZj4nvx6lV3ulIK3BSjvs
5zCunX8URvLoBHlg1Fnjv6,Already Gone,243007,71,0MeLMJJcouYXCymQSHPn8g,0UIIvTTWNB3gRQWFoxoEDh
0rzNMzZsubFcXSEh7dnem7,Hold Up,221093,69,6vWDO969PvNqNYHIOW5v0m,7dK54iZuOxXFarGhXwEXfF
4T5Z4mbTe7kuGqgLpaRtTh,Any Ol' Barstool,203293,63,3FfvYsEGaIb52QPXhg4DcH,64IFfMf7W67CLvXaYeRNB6
5IhCGnAYfeGlsfAXbqKlI1,Fuck Y'all Hoes (feat. $uicideboy$),140564,64,4OYIkXBBN6ET96coWyWAXh,7Agzw7lcmQvdKYsP0Ev1ia
4HdxI4yrlmN2C9GaMD9mxL,Cowboy Hat,197893,64,4MoAOfV4ROWofLG3a3hhBN,1DTBcVfk3zXPHRmgpY6rFZ
0yTGQpPOgcsS8Xqp5bQO58,The Loser,131586,69,59KX7XUUgAOOo5IyDjca0T,77bm4AHldCf4STieStlVJg
2RQAG0wQt35UzAPEyVJFWN,Love Drought,237440,66,6vWDO969PvNqNYHIOW5v0m,7dK54iZuOxXFarGhXwEXfF
1VyiUi0mRnSKgtHa5dBoUd,Spirits,203653,73,6ujr1NkqbZpYOhquczUUfl,3hR8a4KfoKuRvMDmZB3Di4
2O4GR8PGCKkXYqG5F7SeSY,Magazine,131369,65,1VPmR4DJC1PlOtd0IADAO0,1W7VBnHCvLa2cG9yWZT52t
1PTQ22h4JKA2u6BTbuZ5Oc,Chain Smokin',222133,64,4oUHIQIBe0LHzYfvXNW4QM,1Ci07wKuqbEHE1j6Ff5jVX
3rZhRBdVQ2fTEM2ULOAwUL,Broccoli,225205,62,5M0lbkGluOPXLeFjApw8r8,7CHEC1kVstFUDPTxB3Hz2V
2MYidPOz5NHAtKUySTzbwx,Paul,183894,67,5QdyldG4Fl4TPiOIeMNpBZ,2QVrJXsVZIgwNwOhtu31wd
0kwuKfWntoGh0EWyYb7Mpf,Stranger Things,67520,66,00oL7zWxmWveTsKF7DnIRd,1puplOrvmUGoq2VxsB0ENJ
5z4O1H0vFY0Nh4ZMtfgapP,Solo Con Verte,192973,72,2C6i0I5RiGzDKN9IAF8reh,5VL90afs1EsezktD44XMIN
2L6orAlH8tBhiFTumIfMyF,Call on Me - Ryan Riback Remix,222040,64,02A3cEvlLLCbIMVDrK2GHV,5G7go9EeotMk9RfLETBDgJ
2z3joGXrdGL2iEjIKQTiN1,Ville Mentality,194346,65,6l3HvQ5sa6mXTsMTB19rO5,3CCnGldVQ90c26aFATC1PW
2fmCA13dwQQOGBIbIOWRiJ,LA Devotee,196520,66,20JZFwl6HVl6yg8a4H3ZqK,6twKQ0EsUJHVlAr6XBylrj
6WKk8l8EXiwPBYlmSlhZWx,Therapy Session,331480,66,6fOMl44jA4Sp5b9PpYCkzz,75fT8UQEDnekHNhRnbdpNI
5kqYb2BfP8RCXSykEIzfqA,worlds away,126826,68,2kCcBybjl3SAtIcwdWpUe3,08VSO0uoR2SaKrxcFoJ235
7qUJQSNX9QNf46CC6FgH66,"Sucker for Pain (with Wiz Khalifa, Imagine Dragons, Logic & Ty Dolla $ign feat. X Ambassadors)",243490,68,55Aa2cqylxrFIXC767Z865,5rOHrnrRomvSJhQLGVtfJ8
4mU5iXHeLgbR94siF7p1sY,Six Feet Under,237573,71,1Xyo4u8uXC1ZmMpatF05PJ,2ODvWsOgouMbaA5xf0RkJe
01fudEnybVTbUfAbIsXz8q,flower,75297,66,4zaUiALGzCjfr0s9WKXCXL,0rdqoGy3iMbJJDjiOKrywY
6hzbRKhJHo6cfCHSnNaDS8,"God Is Fair, Sexy Nasty (feat. Kendrick Lamar)",500960,66,4LLpKhyESsyAXpc4laK94U,6f6tko6NWoH00cyFOl4VYQ
5HiSc2ZCGn8L3cH3qSwzBT,러시안 룰렛 Russian Roulette,211243,71,1z4g3DjTBBZKhvAroFlhOM,6MNlcai3skKLKv5syzFwC3
1VZLEW5ZfcAbKZ94XQiSZF,Close To You,85754,67,2h93pZq0e7k5yf4dywlkpM,3mH6qwIy9crq0I9YQbOuDf
0H8XeaJunhvpBdBFIYi6Sh,Deja Vu,234213,68,246dkjvS1zLTtiykXe5h60,5s0rmjP8XOPhP6HhqOhuyC
3NE5nGm06kB8QQbQqJaOke,Once More to See You,180999,68,2uYWxilOVlUdk4oV9DvwqK,4Coa8Eb9SzjrkwWEom963Q
3qEg6xYffvuvwpq4U6FRrK,Lost In The Moment,242680,67,6fOMl44jA4Sp5b9PpYCkzz,75fT8UQEDnekHNhRnbdpNI
1oxOiOjsi7plNOZEhoPLPj,Good Grief,206493,65,7EQ0qTo7fWT7DPxmxtSYEc,1qKjUIVG8KmtYceDBWjfqE
06aIJr6MYcTFZWlto1xWZo,Honestly,128679,66,2kCcBybjl3SAtIcwdWpUe3,4HJ95OR3WoV6mlrCKdQsaP
7vVsDu0gTg6oZtrKy7pXcW,Can I Get an Outlaw,238826,65,718COspgdWOnwOFpJHRZHS,7ENhewQQ9Hp8mdEAyIsWvW
0QatL1szZzMTAfZoJKWo0s,Build My Life,491690,66,6egyCFgiJ1j941PaxKoWJD,4HCgEprGQ9xJdc80TF4fov
4EETgKkkLxXrsrc0q50K1P,Half a Song,211506,63,6zLBxLdl60ekBLpawtT63I,5TxhzESD1pW7osKlZRFNYD
10bt2wAkFgCWRCEOyAyWT9,How Could You Leave Us,322586,67,6fOMl44jA4Sp5b9PpYCkzz,75fT8UQEDnekHNhRnbdpNI
00jpfco62YfQj1BBYCCuKH,Leve,225240,75,07PdYoE4jVRF6Ut40GgVSP,0u6btZI3GPFtYX8T4DDW8O
7wjmdC4OL3l1nh9zQwCpv8,Curses,228853,66,5U6leWxYKsuTkd4kXcF1a6,6LIPwQk1AIfvrpnZ1XF7mi
23nOXuK95DPOiO62Ixgzza,Foreva (feat. T.I.),227224,62,3HiuzBlSW7pGDXlSFMhO2g,0c5QIo4MTyneCPZtXjr7BX
2wCRJwiL1WSrW0Dwfco7Nj,Know Who You Are,72626,65,5mnS9jJdKQQcRSqFu5YPVe,6pZj4nvx6lV3ulIK3BSjvs
2lFtnEmkIPm2ClN55e2chV,Black,211160,64,7x8nK0m0cP2ksQf0mjWdPS,2GIrLP0PWskhZAJaHQtDux
02H1K5Cw9Ar89b35XwSEw6,My Heart Is Buried in Venice,184866,67,0ZUvK7zGdXLd78mQr3t1Tw,25paSmOYSF03s81DCNqQn3
2puHJmjL4jvO19aEA7kzcb,Soulmate,272973,66,4LLpKhyESsyAXpc4laK94U,6f6tko6NWoH00cyFOl4VYQ
12n0Z1dIlqXZYXx43MSHoG,Love,223062,62,1Tie3AZgLQZqYEp8Fv4zOZ,2c4NXT3nDspQTLujTdIJHT
4zrwPfq5ENLzjq41Txs2HR,Want Her,275560,66,0YinUQ50QDB7ZxSCLyQ40k,3fiXqEX3prk6amGIScMDUi
5ArQzSBevAdXTxRY6Ulhbq,Mama Said,206902,72,25u4wHJWxCA9vO0CzxAbK7,4rFrdkSWs0dtj0rWPzOk1v
3cCxoOgfi6hgt8MNteuiiD,Fade,193747,68,5K4W6rqBFWDnAN6FQUkS6x,7gsWAHLeT0w7es6FofOXk1
32pqqCrnIC5O5iE9c218PJ,How Far I'll Go - Reprise,87346,65,5mnS9jJdKQQcRSqFu5YPVe,6pZj4nvx6lV3ulIK3BSjvs
57gfWnvoMmnXBdghubxWrg,Brutus,233142,66,61pcWUzNqpHNWc21SuHP1J,0kIEOcHZPidSiFEkFZ8BCH
6r84eqMHbXdCEozAN38LfH,Chivo Tatemado,117026,65,5xvUFw0p8yfQfHVliD1dZG,6DhoCHVPP9IWpkOnQvqXuA
03PTvKwCBFNGxIqvzVWHwg,Midnight Daydream,189014,63,5pyVHz7lcfqKoV9BflFYwN,6VPKEDNPS5WZPtFmcJUPgU
48EjSdYh8wz2gBxxqzrsLe,Cranes in the Sky,250973,66,2auiVi8sUZo17dLy1HwrTU,3Yko2SxDk4hc6fncIBQlcM
7kftK4n15rl1wbpfjSq2Tk,Wherever I Go,169773,65,5Pwc4xIPtQLFEnJriah9YJ,30Ni9qg2MBeeZXybsMOQ7m
2Eg6dOam7cAe5turf2bnCg,En La Cama (feat. Daddy Yankee),157023,77,1SupJlEpv7RS2tPNRaHViT,2qSyMVTIKLArOx4GNcvutB
1tmRlF5pFo8G5OfJYUjWrR,Touch-Tone Telephone,282732,66,4llAOeA6kEF4ytaB2fsmcW,4ocal2JegUDVQdP6KN1roI
1sVJY4n3fJOcrSiTA8oAos,Best Day Ever,159119,65,4LLpKhyESsyAXpc4laK94U,0YA7XxxfkaGwecj3liSTvj
00NAQYOP4AmWR549nnYJZu,Secrets,265600,71,1Xyo4u8uXC1ZmMpatF05PJ,2ODvWsOgouMbaA5xf0RkJe
7xHWNBFm6ObGEQPaUxHuKO,The Greatest (feat. Kendrick Lamar),210226,72,5WUlDfRSoLAfcVSX1WnrxN,2eV6DIPDnGl1idcjww6xyX
02shCNmb6IvgB5jLqKjtkK,Nevada,208561,73,0daugAjUgbJSqdlyYNwIbT,35waq1Bkgy11OjZNGuk9Gj
6WaYiQUPel70HUaCZj5eND,Scars,229773,66,3Uobr6LgQpBbk6k4QGAb3V,1GpxP0nEqmQoQimVAp8bAZ
7eDYNlBwRMeFOZHOZ95dZ1,"Yeah, I Said It",133080,68,5pKCCKE2ajJHZ9KAiaK11H,4UlGauD7ROb3YbVOFMgW5u
6AGON2BGdPmPMJGiiNuuwl,Immortal,201666,65,6l3HvQ5sa6mXTsMTB19rO5,3CCnGldVQ90c26aFATC1PW
7Gr8gb3hqKr4zEbFlrVYPQ,Warm Up,180506,66,6fOMl44jA4Sp5b9PpYCkzz,3gObilAbPE67iutxIWttPt
1ISsiC4Fw6f96kZQegLGiJ,Oh Lord,198253,66,6fOMl44jA4Sp5b9PpYCkzz,75fT8UQEDnekHNhRnbdpNI
6GBMbvX7sqyOxT5wWK4hgN,Dangerously,199133,63,6VuMaDnrHyPL1p4EHjYLi7,3kndSWeE2IYOrZEToZrHEV
3qrH2YFnbEiQeUe4wzgOuP,"Try Everything - From ""Zootropolis""",196706,66,0EmeFodog0BfCgMzAIvKQp,661EtVkZYuH41VXXuOMBbo
5OUSPcqhYTOzpbXzoEvKim,The Fighter,184040,63,0u2FHSq3ln94y5Q57xazwf,1IbfOjLqUSkhtXLpX31WZq
33y7yowMkeoOnamVTffQNa,Kiss,250266,67,2kCcBybjl3SAtIcwdWpUe3,49Ua35AyVz5gbFc9gVXIYm
2XMTqoHHSH0lvuXrvIEdco,Capsize,237706,71,7xEFii6utZmQ61kX59HmLH,5qeKpDQFyotJjLh61pUZQo
275a9yzwGB6ncAW4SxY7q3,Panda,247866,69,7pFeBzX627ff0VnN6bxPR4,1k3BLTc4VZ7beRBXL1SPN6
1BwrMGGhPA6GarWIYaFrW8,La Vida Es Un Carnaval,278866,71,2weA6hhVqTIN2gSn9PUB9U,2MSP1JG7KflqYqAHtk7wlB
3VK8copXwqvAueMPhnBe6K,Siempre Te Voy A Querer,234360,70,4jogXSSvlyMkODGSZ2wc2P,3JGd3lmLv4Z7pQUZPu6EnH
5knuzwU65gJK7IF5yJsuaW,Rockabye (feat. Sean Paul & Anne-Marie),251088,77,6MDME20pz9RveH9rEXvrOM,3meZFplbMmji648oWUNEfQ
2CHmgtK8OCL28WtIK96u4N,30 Hours,323302,67,5K4W6rqBFWDnAN6FQUkS6x,7gsWAHLeT0w7es6FofOXk1
5IVA7WzOlWrmZh8EqZqMaw,Looking Down the Barrel of Today,161626,68,17Mb968quDHpjCkIyq30QV,63AsIG0ig2p4mWx42ySWIj
1cZlBZwnwGPtYeRIeQcoFh,wonderful,216945,67,0Y5tJX1MQlPlqiwlOH1tJY,42WVQWuf1teDysXiOupIZt
7qmvLmX9tyaTiBAVNI6YEn,PLAYING WITH FIRE,197288,77,41MozSoPIsD1dJM0CLPjZF,2Fna4Tb7fme5aHsNMJtVtp
2u54HNQamwFuOMLSuhSRom,Blood Sweat & Tears,217051,74,3Nrfpe0tUJi4K4DXYWgMUX,1vhNGBTFoaSTLbHjPGFIlF
7tUXZgLbOCvRJ9FBlairoU,Venom,134271,67,3uL4UpqShC4p2x1dJutoRW,0DdnuauBuHPfG8Y1pAmYVf
0O8XuLi337OtgoXUgKORQ5,"Ella Y Yo (feat. Farruko, Ozuna, Arcangel, Anuel AA, Bryant Myers, Kevin Roldan, Ñengo Flow, Alexis La Bestia & Ñejo) - Remix",415792,75,7LXdYckhvHWU4ejXbkHa3N,3jWqAeLO9g2IR9iKEXTwF8
3yDhZq8f17SmumVmEyCaRN,Give It Up,254240,72,3mQBpAOMWYqAZyxtyeo4Lo,52BJ1S5NOv7eFD6ZFDZga2
0lUSd7TCG8srh6HpIAEIWL,Power,247840,75,3e7awlrlDSwF3iM0WBjGMp,4w49hcqZt66HZX0MJHfW0m
6mLNU3uGKZ1fLcJv9J1u7G,Summer Love,74318,66,4C9Tvlt8v7d8R6h98FgdUy,3N9piIqnt2BHomjXpg4BEe
1SZMZCqVHIWgyEy2dIHsZR,Corazon de Acero,225953,78,2rwLjVHS15sfzciKXXNbgA,3BqW7Zt2KkIJaxrqvhyklo
50Hylr3XgpE10oDIahc6Cm,Love Survive,168345,65,1VfgWum48nwYJcCfdPwWgs,2xdoZZGPjIn7atH79XSSvS
4xR3MAscflQ262kMeiKshQ,Skyline To,184600,67,2h93pZq0e7k5yf4dywlkpM,3mH6qwIy9crq0I9YQbOuDf
44M12pkcMqqdbNNooHCZ6C,Come And Get It,181426,66,3Uobr6LgQpBbk6k4QGAb3V,1GpxP0nEqmQoQimVAp8bAZ
3EmNjy3zFszmAOCikiKxCd,Bottom of a Bottle,221826,63,1KEUVZo7CMTSJoM8doulOT,4t8bZNqNroLlMNj8p908VL
4llYMkhHa1w7UAdDFRQcEZ,Lights Come On,194506,62,3FfvYsEGaIb52QPXhg4DcH,64IFfMf7W67CLvXaYeRNB6
3DR6MSiWnmppbRWWrGsarE,En Silencio,190258,67,01brs471Oes6kMnkVJBfGG,0webdnEw8ZfPGn4gQpN1g0
2aShlCzmEwlId17KVpFdYu,Sarcophagus III,171781,64,1VPmR4DJC1PlOtd0IADAO0,5JPMrbyhWdReHLXNa0V1Vs
30Zcjs7pgEkmJA1lEbGSWT,FML,236120,67,5K4W6rqBFWDnAN6FQUkS6x,7gsWAHLeT0w7es6FofOXk1
5YEOzOojehCqxGQCcQiyR4,Panda,246761,71,7pFeBzX627ff0VnN6bxPR4,0cHT4ll3sEPyFFWoFuibMl
2C2TGgFzrTRIOdQS1vUN5h,Ginza,171093,74,1vyhD5VmyZ7KMfW5gqLgo5,4cGc9Eeb3Gjff2Aq5ILLEf
42ydLwx4i5V49RXHOozJZq,Scars To Your Beautiful,230226,76,2wUjUUtkb5lvLKcGKsKqsR,2AGNF8r2y8HL85yVk2bwmS
4oeaIftdpT3JuZLcCkKmVE,False Alarm,220306,72,1Xyo4u8uXC1ZmMpatF05PJ,2ODvWsOgouMbaA5xf0RkJe
6V68ItawQkQlZhYIf1S86C,Crazy = Genius,198040,65,20JZFwl6HVl6yg8a4H3ZqK,6twKQ0EsUJHVlAr6XBylrj
3eze1OsZ1rqeXkKStNfTmi,Juke Jam (feat. Justin Bieber & Towkio),219683,64,1anyVhU62p31KFi8MEzkbf,71QyofYesSsRMwFOTafnhB
0JoHqmlqE0W0i9prt6kcHR,"Cuatro Babys (feat. Trap Capos, Noriel, Bryant Myers & Juhn)",278106,77,1r4hJ1h58CWwUQe3MxPuau,0bXEsNAuMFPap5TjtUzvK8
4VFE6ZNqa8jHAmbYICoAFg,"God, Your Mama, And Me",183413,64,3b8QkneNDz4JHKKKlLgYZg,09KOjaflTBRE28GVvXqkYC
3kW5Rq9AIL0QQuYTSKNkQw,Erbody But Me,197053,62,6UBA15slIuadJ8h2lPRPos,1aMPeVSgyoG34dAu7iwRpD
5TqBAOIBe0bQA0spNdcG3k,For Free (feat. Drake),183695,61,0QHgL1lAIqAw0HtD7YldmP,5qHyKDjwycRj1fJyPLt2HQ
1hSBVYwG0UPeou0ORftrxm,Do You Believe in God?,118073,64,1VPmR4DJC1PlOtd0IADAO0,1aVnxqszPG45yn2nFsVQRS
3ZJnc1eGicPxRitBoC7eWZ,An Innocent Warrior,97413,64,4I9DOo7pz3fn9yjxTktmX9,6pZj4nvx6lV3ulIK3BSjvs
1LF3HPHVajnRT1mPCOqfOF,Another (Demo) One #2,166833,65,3Sz7ZnJQBIHsXLUSo0OQtM,0ewX28ddLRkurAnlVqkp5V
1MQ8ydvrTnn2QJgXFATJvD,Ex Calling,211960,65,4IVAbR2w4JJNJDDRFP3E83,7iwGw8ob3YLqZrbKzGFnHi
2ONIJ40u0Attbm3miIIpNO,Cheap Thrills (feat. Sean Paul),224493,66,5WUlDfRSoLAfcVSX1WnrxN,2eV6DIPDnGl1idcjww6xyX
35GACeX8Zl55jp29xFbvvo,Tremble - Live,309093,64,4hAridhpYF50cbO6o7jB3b,3jUPCgNSi7C875PNjsbUTU
6TZXBJLTIOX6DM6hwCsKw2,Me Ama Me Odia,326936,75,2wYOpkTJZGByNEOjEnSmoW,3FAdUgqDYeqcvlpBTbGczq
3DlgDXIYtnWtJKiB8bZQMv,Photosynthesis,201732,64,7Hjbimq43OgxaBRpFXic4x,10UscF31tC7Sz8S2a1mGbM
3ZyaP0GyRehoDrhPkuh5Qw,You Belong Here,253714,66,5qvrAlKjc0Sqrqz6v2wBGk,0VMe8U5hfSlZUP7Xw9Xwln
3AEZUABDXNtecAOSC1qTfo,Reggaetón Lento (Bailemos),222560,75,0eecdvMrqBftK0M1VKhaF4,0YLrAWUbY0nyM7PFtqnYld
6C6xqMptwc0qjFo1KzCzX3,Long Way From Home,152280,62,16oZKvXb6WkQlVAjwo2Wbg,2zbTrm2pIAErzFSopinkbN
5mPSyjLatqB00IkPqRlbTE,Pop Style,212946,65,3TVXtAsR1Inumwj472S9r4,40GMAhriYJRO1rsY4YdrZb
5cXtT63OTadsjqfRkm5Dwd,Deepthroat,199296,64,76SlrtEaq2oViRXulxjfuM,5ATRiVbJcsarm1ndaI0DY9
3odrUVQ9tvRpkC9II2oWzx,"Still Falling For You - From ""Bridget Jones's Baby""",240867,74,0X2BH1fck6amBIoJhDVmmJ,6YIaqFvhOWma5gbjcB18Nu
3HdcqQpq7zb5GbEKBDY34p,Humbug Mountain Song,184346,64,6Qm9stX6XO1a4c7BXQDDgc,1vRxjcJpuE6MxaDwvDcldB
5yxV7E3ezJA6rF4ICYYSZV,How Deep the Father's Love for Us,216454,65,3YChYj3gO6EJmFwI79cUSe,0mj1P9XdKwUn2M2sVsIVFe
5pxtj7cCnv2hZe6mbS2MBx,Lovin' Feeling,204933,74,6MJKlN8ya42Agsw3iQZs6e,6rkKOTP3oBns0nR6mfHOsH
5sjIhQzNljMVrDklI91ezp,A Guy with a Girl,189466,63,1UTPBmNbXNTittyMJrNkvw,4JmphteFDt5gNZbgraR9Dc
1V3eyBz3pfkn9lBOlfle4x,Thy Will,236200,63,4EVSOMkocOlqAZ9ujkGrQR,4eZL2PZL6UiFWrj6JAVTLJ
1Jt7MTekLEgU6NKj0e1kAB,Can't Turn You Down,203880,62,4MoAOfV4ROWofLG3a3hhBN,1DTBcVfk3zXPHRmgpY6rFZ
3aJkV6DUTSCqOwVwaBDG9B,With You,195053,65,3TVXtAsR1Inumwj472S9r4,40GMAhriYJRO1rsY4YdrZb
5soMJpcVhSrGrB4prvPL6P,Rip & Tear,257734,67,13ab1LgQZ3tQOhkDRRYB8Y,0KQyC28P9808r0oKKNgHvp
5bBUDJUfGcG7eFy3Bf4fXv,untitled 08 | 09.06.2014.,235506,65,2YZyLoL8N0Wb9xBt1NhZWg,0kL3TYRsSXnu0iJvFO3rud
6NEoeBLQbOMw92qMeLfI40,WHISTLE,211631,76,41MozSoPIsD1dJM0CLPjZF,0FOOodYRlj7gzh7q7IjmNZ
6VBuV3fk37EGAqFbDVQjHv,Sweet Lady,280790,61,0FtsMKmZEq8fBWqdSOWtqp,0mN9qYcfmWYMfsy0t30xUc
66Q3fAmSX5eHamgbKa9alP,Real Friends,251573,67,5K4W6rqBFWDnAN6FQUkS6x,7gsWAHLeT0w7es6FofOXk1
