song_id,tempo,type,loudness,mode,speechiness,liveness,valence,danceability,energy,acousticness,instrumentalness
2hnMS47jN0etwvFPzYk11f,90.807,audio_features,-5.021,0,0.0395,0.188,0.567,0.682,0.765,0.0268,3.42e-05
7aQjPecQdIuNd1sz3KCDhD,111.845,audio_features,-6.029,1,0.0252,0.35,0.89,0.704,0.636,0.0344,0.0
3B4q6KbHbGV51HO3GznBFF,95.721,audio_features,-7.47,1,0.0899,0.314,0.657,0.804,0.696,0.00877,0.000985
3jDdpx9PMlfMBS5tOBHFm9,95.487,audio_features,-5.379,1,0.108,0.164,0.612,0.715,0.833,0.00631,0.0
1Je1IMUlBXcx1Fz0WE7oPT,110.008,audio_features,-6.145,1,0.0324,0.162,0.891,0.768,0.864,0.101,0.0
6MdqqkQ8sSC0WB4i8PyRuQ,88.634,audio_features,-4.674,0,0.288,0.279,0.67,0.867,0.646,0.303,0.0
5g9lS8deSIxItFBmZRC4vN,87.277,audio_features,-6.566,1,0.225,0.0737,0.805,0.801,0.91,0.00239,0.000891
6ZaiqbV2GfUtrUlhsu58fN,90.057,audio_features,-5.631,1,0.0299,0.0653,0.142,0.331,0.471,0.00644,0.0
6Lmx6bz3PGYuNSjKMnYBOa,136.949,audio_features,-6.619,1,0.039,0.111,0.57,0.607,0.815,0.0471,2.81e-05
2KVwlelhxKUy8LVV6JypH3,168.019,audio_features,-7.902,1,0.027,0.108,0.476,0.42,0.672,0.0067,0.0
0tZ3mElWcr74OOhKEiNz1x,166.367,audio_features,-7.291,1,0.184,0.424,0.572,0.412,0.919,0.0124,0.0601
0Q0IVlqMV64kNLlwjPj0Hl,92.409,audio_features,-17.117,0,0.139,0.571,0.506,0.765,0.29,0.0279,0.0
5vYA1mW9g2Coh1HUFUSmlb,108.031,audio_features,-8.685,1,0.0284,0.12,0.543,0.521,0.673,0.00573,0.0
4VQNCzfZ3MdHEwwErNXpBo,93.279,audio_features,-5.968,1,0.247,0.327,0.843,0.872,0.723,0.0293,0.0
6gdhHMWUv1pvkOHqCUGvCp,121.965,audio_features,-5.099,0,0.0507,0.0602,0.354,0.741,0.508,0.0347,6.45e-05
1xKP7GVLY33i5jmx1bB1Kk,80.096,audio_features,-8.874,1,0.0455,0.0654,0.805,0.72,0.538,0.348,0.0
0z1b34WikhOH9ZxU8QDWcv,107.531,audio_features,-8.968,1,0.0277,0.0589,0.752,0.701,0.539,0.000655,0.005
2vfvGlqCB7oertO5VLE0sz,97.044,audio_features,-2.832,0,0.269,0.191,0.608,0.918,0.734,0.0296,8.01e-06
2aIB1CdRRG7YLBu9hNw9nR,143.973,audio_features,-10.068,0,0.0557,0.0611,0.937,0.621,0.834,0.000779,0.456
1szwDbVdIdoQq5mG5GXAmJ,183.578,audio_features,-8.121,0,0.09,0.0573,0.897,0.457,0.752,0.00959,0.00136
2TIEeLrOQrGnO2D2OeDDJu,118.399,audio_features,-9.232,0,0.0293,0.144,0.479,0.856,0.517,0.563,0.000164
2PdIo7ewQPuAsP99LVg9uy,75.034,audio_features,-5.653,1,0.0379,0.137,0.911,0.69,0.681,0.0623,0.0
5Pgwi0iizu96RHxJ4xL3SH,122.632,audio_features,-6.566,1,0.0264,0.0301,0.207,0.572,0.449,0.314,0.0
0e05wFNr6zg1ULcp4NKs1p,121.341,audio_features,-9.137,1,0.027,0.289,0.6,0.687,0.648,0.314,1.37e-06
4eamJr2k9YDH8j58RSTmSc,80.976,audio_features,-5.121,1,0.0791,0.17,0.552,0.708,0.757,0.0362,0.0
6AioOohg4bQZFA4jIYQQ2r,159.23,audio_features,-6.898,0,0.0364,0.0897,0.396,0.375,0.682,0.00152,0.598
4KoNBTm9a55KgLMtEaf3n6,95.169,audio_features,-5.138,0,0.0398,0.198,0.578,0.433,0.946,0.00264,0.0
5PQmSHzWnlgG4EBuIqjac2,93.908,audio_features,-7.682,0,0.247,0.0519,0.523,0.879,0.564,0.0474,9.43e-06
0pwObEOHolQZSldJ2q1wpy,171.441,audio_features,-6.608,1,0.0616,0.133,0.467,0.286,0.728,0.000174,0.836
2S2x5N5VJNn7vqYukvoFFC,92.482,audio_features,-3.701,1,0.0963,0.0623,0.73,0.762,0.838,0.033,0.0
1HL3yEnYq8LEyFQ3QegA5V,101.1,audio_features,-10.764,1,0.0373,0.0938,0.555,0.541,0.677,0.122,0.0191
3vZO25GdYuqFrR1kzZADnp,130.47,audio_features,-13.364,0,0.499,0.0839,0.563,0.607,0.422,0.209,0.0
69QIVIjPMnI1ABLBqh9P1b,175.849,audio_features,-9.759,1,0.0466,0.248,0.822,0.615,0.514,0.393,0.0
6sCtddSFg3foJn4K2pIhfQ,81.593,audio_features,-6.915,0,0.335,0.338,0.358,0.696,0.636,0.158,1.28e-05
00WvmRXTkPBZNhhRK3xfdy,98.219,audio_features,-5.534,1,0.0281,0.126,0.753,0.775,0.816,0.164,0.0
2naqSVQHgiaoEpxtkVOhmK,93.058,audio_features,-6.275,1,0.0527,0.0492,0.964,0.704,0.884,0.549,0.000364
59MIR30ATtW8kTaX3SCpq0,124.062,audio_features,-6.646,1,0.0291,0.3,0.706,0.638,0.819,0.202,4.1e-05
3cbTV3IZZvSBYVcl0xuZbY,119.284,audio_features,-7.409,1,0.0556,0.0534,0.584,0.654,0.53,0.000113,0.0197
57dG9il4j7Hi7G8Cqgi0Ts,100.718,audio_features,-7.432,1,0.0323,0.131,0.87,0.8,0.464,0.741,1.54e-06
35SRuRfp5BvD1yArmXKNHO,130.451,audio_features,-3.96,0,0.136,0.101,0.279,0.413,0.967,0.00176,1.09e-06
2OFmcOC5m9iAvt4kcdXBSz,165.908,audio_features,-7.598,1,0.0508,0.0506,0.768,0.517,0.489,0.191,5.99e-06
5XrfFo0JFOnWD9ZMNXGkQh,95.415,audio_features,-7.091,1,0.0289,0.104,0.292,0.543,0.681,0.0482,8.43e-05
5hzoEKZvvov9EKzrx419Ys,84.754,audio_features,-5.573,1,0.292,0.725,0.553,0.684,0.555,0.204,0.0
2IY559smG7SXYk229NA2Vl,163.045,audio_features,-6.539,1,0.0415,0.348,0.728,0.571,0.818,0.151,0.0
6LwrEZNkvFTOypNwSLjuaJ,99.258,audio_features,-4.78,1,0.138,0.0545,0.854,0.849,0.904,0.0248,5.11e-05
4eDCsyIHTSu3cQZ5wDIyP7,114.061,audio_features,-11.367,1,0.0333,0.0574,0.317,0.791,0.186,0.625,2.67e-06
5EQzuYfTZt7B2LqlvTF49l,87.903,audio_features,-9.149,1,0.0362,0.101,0.287,0.384,0.438,0.753,0.0
4SF1747p541umnykBp352Q,117.907,audio_features,-9.449,0,0.0318,0.0482,0.388,0.699,0.492,0.484,0.0
3kVIFDE3G89I2RPVkiRaRj,175.562,audio_features,-11.219,1,0.112,0.0371,0.87,0.685,0.38,0.373,0.0
4gxzgTzA4MSLf5rje1rX65,79.113,audio_features,-11.815,1,0.0248,0.133,0.306,0.639,0.399,0.484,0.00056
53IpyJOqUIcCzCUtMjP9oy,102.833,audio_features,-7.786,1,0.0274,0.322,0.782,0.694,0.637,0.336,5.4e-05
1PEqh7awkpuepLBSq8ZwqD,103.773,audio_features,-11.977,1,0.0348,0.0898,0.122,0.744,0.453,0.627,0.421
2A7j0RLnzvvlUFrevBiOQf,129.236,audio_features,-7.295,1,0.0271,0.446,0.349,0.637,0.472,0.539,0.0
7dWSrvzawBZPa7VVeHZBn7,86.072,audio_features,-11.406,1,0.0286,0.0499,0.357,0.55,0.42,0.189,2.35e-06
7rUchbZxrhF29Q0vYjKEU0,95.44,audio_features,-2.238,1,0.178,0.39,0.673,0.795,0.852,0.0442,3.47e-06
5iuGn3RXvfvHIyIe8fyxBE,159.771,audio_features,-3.386,1,0.0428,0.0907,0.817,0.527,0.696,0.392,0.0
1ng36571Iyov4HBxUClySn,79.898,audio_features,-5.492,1,0.166,0.16,0.671,0.631,0.804,0.00589,0.00116
4ylbpmTRMsG2OST1MqAZ9S,144.656,audio_features,-11.343,1,0.0291,0.11,0.352,0.549,0.46,0.337,2.55e-06
23V08GxMeaZNSf8Gy6KF6t,77.033,audio_features,-10.181,1,0.0461,0.335,0.914,0.806,0.447,0.27,3.7e-06
1TqmlXyMcCppD8v2OogDMR,135.185,audio_features,-8.79,1,0.246,0.304,0.822,0.95,0.827,0.00121,6.32e-06
6PNvv1dmDbOWrAYwEcuKBX,89.846,audio_features,-7.911,0,0.0326,0.299,0.586,0.595,0.804,0.0129,1.97e-05
70fe354BpVKEvMY0de78YO,117.999,audio_features,-5.446,1,0.0437,0.0892,0.884,0.504,0.761,0.00628,0.0
3sBnSBnzpEYKpJYGsAIbup,186.405,audio_features,-9.487,0,0.0316,0.0947,0.156,0.292,0.567,0.197,0.852
6zOg9gP62RJSsKFeOBAgvH,95.813,audio_features,-5.969,1,0.048,0.0993,0.787,0.764,0.525,0.0296,0.0
0xgsyoVvRFSYvV5cdtYhX1,110.364,audio_features,-6.821,0,0.196,0.162,0.226,0.334,0.898,0.00406,0.0202
28UMiBhn383n9S7GL4tsxD,119.919,audio_features,-9.883,1,0.0327,0.099,0.177,0.615,0.467,0.314,0.0
3pY68z0dH4i4gF1zzONS0q,77.109,audio_features,-12.093,1,0.0244,0.149,0.417,0.628,0.401,0.147,6.64e-05
2Vpj5colB0MPy3Zg5SITEC,92.928,audio_features,-11.01,1,0.279,0.419,0.513,0.897,0.458,0.0208,0.0
07xFWwKPOApMS56ildsV0G,83.071,audio_features,-5.041,0,0.158,0.375,0.635,0.558,0.989,0.395,9.81e-05
5ugABx5bnTbKl0j6iPwaku,119.861,audio_features,-9.858,1,0.03,0.0911,0.885,0.69,0.668,0.27,0.000203
2JKlf0IYz5oWsT3OCLyjpO,79.668,audio_features,-7.519,1,0.258,0.135,0.597,0.753,0.484,0.0149,0.0
7yQMZQeiSKnvEgimeGPVhi,109.514,audio_features,-10.233,1,0.0266,0.0919,0.237,0.585,0.39,0.68,0.000769
4UHRMwbbiZ7tkeEkhyN7iB,96.687,audio_features,-8.897,0,0.0347,0.223,0.881,0.527,0.59,0.39,0.0
5WTxbyWTpoqhdxEN2szOnl,108.054,audio_features,-5.198,0,0.0368,0.224,0.509,0.792,0.81,0.00609,0.000153
0nLOl4fSiBZKGFla5pLUtf,181.716,audio_features,-6.927,1,0.321,0.0928,0.256,0.335,0.849,0.00193,0.254
5K5dQsYdSdo2LKdepxbYAd,84.07,audio_features,-5.31,1,0.219,0.119,0.647,0.902,0.41,0.176,0.0
3QjQp2bfAvLTCSi8Zhzqis,93.046,audio_features,-6.361,1,0.302,0.272,0.706,0.53,0.871,0.00407,0.0207
5Ihd9HrPvOADyVoonH9ZjB,110.021,audio_features,-8.4,0,0.0271,0.116,0.112,0.625,0.426,0.412,0.0
1yTQ39my3MoNROlFw3RDNy,107.02,audio_features,-6.219,1,0.0473,0.0837,0.751,0.726,0.679,0.0149,1.49e-06
7AlJCYxNunX7EGdazNbM9c,83.009,audio_features,-7.793,1,0.0378,0.245,0.916,0.729,0.579,0.255,2.74e-05
21jEuMn2lf37715rwjow2M,99.562,audio_features,-9.312,0,0.0238,0.109,0.276,0.571,0.505,0.0757,1.04e-05
6w4MlvpuxtbjGdL9YeTx89,92.03,audio_features,-8.08,0,0.252,0.0408,0.101,0.878,0.65,0.0178,0.0
1nRwyxNsqCLeA17qR8Nfxx,100.033,audio_features,-4.952,0,0.0338,0.13,0.882,0.8,0.875,0.0615,2.79e-06
7ap5NaoYRB6TJdrhX5Fej8,193.791,audio_features,-9.339,1,0.0521,0.104,0.547,0.17,0.81,0.27,0.0445
6l4TNbfPtNAOOlGIfceSaO,96.069,audio_features,-10.307,1,0.0379,0.147,0.749,0.762,0.459,0.111,0.0219
1iArQTuOzxvrtniGmkyy92,183.031,audio_features,-8.928,1,0.0394,0.177,0.589,0.319,0.803,0.00534,0.0126
51dNexiESqcJLsGLrmg1Nv,83.123,audio_features,-7.896,0,0.0557,0.138,0.674,0.672,0.453,0.269,2.44e-06
6hs3SDnbO3f6VQuPO4KBEb,119.46,audio_features,-9.556,1,0.0672,0.139,0.745,0.5,0.681,0.114,4.01e-05
59J3FhCGYl18G3ouDReUge,112.2,audio_features,-5.884,0,0.0658,0.312,0.817,0.731,0.779,0.6,1.74e-06
2gdtLnVGGg80Kj9GiqP0vH,106.479,audio_features,-3.857,1,0.0632,0.157,0.446,0.47,0.989,0.000386,0.00161
1rJM37Dd4OcSJvzI84yCcP,89.953,audio_features,-11.709,1,0.138,0.234,0.399,0.681,0.505,0.137,0.0
4c0rkFPszqQTyC753tsCMU,130.078,audio_features,-9.196,0,0.0664,0.336,0.691,0.885,0.477,0.000131,0.000664
0wJyFu6JHwUoKQN5X3uzVe,124.922,audio_features,-7.737,1,0.0469,0.5,0.824,0.783,0.676,0.269,0.0
3j9UIPpivEXyfV67agjXKH,103.208,audio_features,-4.003,1,0.134,0.314,0.761,0.856,0.793,0.0655,0.0
7sKt5Y2zJpYw78iAxndB8y,90.189,audio_features,-6.009,0,0.206,0.0763,0.806,0.802,0.787,0.00127,0.000181
5JrajjztyjvkuUB8ZqzUML,124.75,audio_features,-7.011,0,0.0992,0.655,0.585,0.548,0.904,0.003,0.024
3wGoIFHqCl36tu9Ne3guos,136.662,audio_features,-7.428,1,0.0273,0.119,0.3,0.575,0.489,0.672,0.000646
63aVbch5VRXtQnCITdeDTZ,113.357,audio_features,-4.458,0,0.0293,0.142,0.728,0.562,0.919,0.000223,0.113
2KJkMXZKvvV4jDdu8UM44e,207.505,audio_features,-8.141,1,0.0866,0.0792,0.779,0.52,0.522,0.395,0.0
3cw7R2QQKqkQfMTUSRJebL,115.822,audio_features,-8.247,1,0.0295,0.125,0.457,0.621,0.557,0.167,7.29e-06
4U6qrE2SSWYGVKCnT6VbmF,90.02,audio_features,-3.775,0,0.0331,0.186,0.372,0.807,0.717,0.00481,1.47e-05
0fsz7tJ7UKXT9hliLfO7aE,183.569,audio_features,-8.121,0,0.09,0.0573,0.897,0.456,0.752,0.0095,0.00145
4FzMYYcuQg10kBzXgauodD,166.965,audio_features,-4.315,0,0.23,0.171,0.689,0.791,0.781,0.114,2.43e-06
5cPfTRCvx7fu5twZh2BOny,77.339,audio_features,-7.536,1,0.0298,0.293,0.567,0.715,0.422,0.624,5.41e-06
2oLwDI8tZUOh6SmTMRRfKs,85.068,audio_features,-10.434,0,0.301,0.0562,0.643,0.772,0.586,0.0234,0.000722
7KvSuH86lIT2aTl9PBCAfd,169.938,audio_features,-8.635,0,0.0509,0.121,0.402,0.587,0.687,0.0281,0.14
140u2dqlZbpi4ZLgeolKqA,112.083,audio_features,-5.712,1,0.0381,0.0891,0.349,0.528,0.909,7.77e-05,0.00959
5bJ796cOnGBzSN5bm4mwMj,92.112,audio_features,-8.663,0,0.0379,0.119,0.893,0.853,0.563,0.0118,2.12e-05
44JZmEHrFsWgE2dSh6r16d,88.014,audio_features,-10.837,1,0.0327,0.14,0.812,0.71,0.489,0.277,0.00102
1WKz2dJbsK0S56zvpnhFWU,88.408,audio_features,-3.487,0,0.0359,0.11,0.834,0.841,0.741,0.137,0.000445
5vtRk4rYxiy4cj95cmJ5Ma,182.672,audio_features,-9.438,0,0.0407,0.107,0.796,0.378,0.736,0.326,0.105
6hFHsQWB7HdVrSe7efRR82,124.725,audio_features,-5.67,1,0.037,0.0993,0.917,0.791,0.759,0.0823,4.44e-05
5fYzuUxtcaJaRRaxMoM2DT,100.266,audio_features,-9.776,0,0.0372,0.125,0.0897,0.552,0.471,0.0222,0.601
6FBmHx1FuaSnTnnnaThgbF,145.439,audio_features,-4.627,0,0.115,0.0612,0.632,0.441,0.908,0.000183,0.00328
3kGt9uxpJzKTxwp2uJHrU5,102.289,audio_features,-4.255,0,0.0358,0.178,0.811,0.638,0.864,0.00253,0.0
13oGc1Mi9niBlo5eTmgGMa,81.821,audio_features,-4.48,0,0.0395,0.249,0.672,0.794,0.589,0.0778,0.0
7FoUzKTSQp25oe32pY9z5p,134.809,audio_features,-5.765,0,0.0313,0.886,0.841,0.669,0.941,0.00129,4.3e-06
2NVpYQqdraEcQwqT7GhUkh,104.282,audio_features,-7.109,1,0.0434,0.14,0.816,0.8,0.878,0.189,0.000104
46RVKt5Edm1zl0rXhPJZxz,107.231,audio_features,-4.7,0,0.0257,0.0534,0.891,0.746,0.79,0.0485,0.0261
1tjKIXd7DYNklhVSgBxREi,70.662,audio_features,-6.983,1,0.0286,0.219,0.381,0.388,0.579,0.472,0.00055
37KWffCdnLyHqvhugCQNM6,94.292,audio_features,-8.25,1,0.0253,0.04,0.921,0.65,0.712,0.418,2.28e-05
1e5DTpM1WeggytDXbphivX,82.04,audio_features,-9.427,0,0.0997,0.109,0.878,0.746,0.493,0.302,0.00957
7itHyuODr4R7Fdz454zn3F,134.726,audio_features,-4.756,1,0.0289,0.0602,0.941,0.698,0.861,0.189,0.0
75HZ6Wxnw8xbgz6HU9kKCS,187.918,audio_features,-6.976,1,0.0457,0.177,0.516,0.482,0.807,0.0281,0.0
4H3eeEecmb1lIqUfo99d8G,173.832,audio_features,-7.635,0,0.313,0.775,0.753,0.579,0.818,0.241,0.0
5tFpkuwgFZQm3jv4PTX4VB,81.64,audio_features,-6.111,0,0.0426,0.0296,0.549,0.531,0.617,0.00225,0.000692
0UbqhKfoV4vzoMkdJD4gry,118.957,audio_features,-4.956,1,0.118,0.0402,0.333,0.815,0.453,0.021,0.0
7DcJXd2xxVcohwehWahFJJ,95.411,audio_features,-5.914,1,0.0502,0.249,0.961,0.827,0.781,0.188,0.000759
6ursmCnbc9oDRGa2yHKkoZ,119.708,audio_features,-6.664,0,0.128,0.311,0.261,0.428,0.874,0.000337,0.0419
4r7im8h2DTRPvl25YfNyIT,104.103,audio_features,-6.613,0,0.0431,0.15,0.6,0.458,0.822,0.00279,0.0
58RDwkonFMOkoytBtIQetc,111.414,audio_features,-7.329,1,0.0319,0.0801,0.276,0.423,0.738,0.359,0.084
5wLqk86XlgZCzP8mMG9PrF,113.378,audio_features,-6.783,1,0.0306,0.17,0.931,0.615,0.471,0.515,7.06e-06
1L2ZkXbRX00ZiaUDuMMgf7,120.758,audio_features,-7.237,1,0.0621,0.106,0.151,0.364,0.811,0.00268,0.0093
25xeGvjWvTBu8RkEF8kRQr,202.391,audio_features,-6.711,1,0.0296,0.0521,0.438,0.346,0.486,0.0497,0.0
6qQGxKyy6LcyZVsWn93lyS,118.809,audio_features,-4.834,1,0.0822,0.347,0.466,0.282,0.894,0.0118,0.0
010ALbbh5KlQ4fKWgSdhRd,119.942,audio_features,-19.322,1,0.0414,0.112,0.0954,0.37,0.0772,0.642,0.69
6Xo9osN1HErsEJoqwj4eDg,96.067,audio_features,-6.599,0,0.228,0.313,0.332,0.774,0.48,0.109,0.000661
32Gf5A7Hr8RdgggXG0Fdks,145.517,audio_features,-10.185,1,0.0322,0.0931,0.358,0.57,0.478,0.536,1.33e-05
60Pjyla2BNnWzWxNXxGa4u,97.886,audio_features,-9.383,0,0.0751,0.0862,0.857,0.796,0.537,0.445,0.0725
0Wk9GL93sEFFl19SjrNlxD,157.957,audio_features,-9.564,1,0.033,0.32,0.916,0.72,0.501,0.28,6.65e-05
2q8lHMMso6wx6pb5uwqzOs,92.897,audio_features,-4.398,0,0.289,0.062,0.493,0.809,0.718,0.0127,0.0
2LsbizbOeNa4x6qsi2jAMb,103.063,audio_features,-9.068,1,0.0383,0.0809,0.664,0.871,0.481,0.52,5.54e-05
5ALCHMO9Fmvn1Ly18Q3apL,91.186,audio_features,-9.607,1,0.0513,0.15,0.418,0.33,0.906,0.533,0.0208
3SzJ4qlIjYkSO7bh0oKTXA,165.39,audio_features,-8.017,1,0.0378,0.0823,0.795,0.639,0.729,0.471,2.78e-05
0KQh7AuuZvpTKWhcJa8Pbr,122.151,audio_features,-13.987,1,0.0756,0.0982,0.257,0.895,0.453,0.00196,0.374
1ePn7ToIaezbA4tlmj4Kgh,128.483,audio_features,-14.472,1,0.0691,0.0875,0.792,0.903,0.155,0.731,0.0
4U7N4o4EHZnsJSkH0qrmat,110.573,audio_features,-9.89,1,0.0328,0.2,0.98,0.767,0.47,0.22,0.00405
21KRLdKgIdGSUpIMk5iPN7,128.48,audio_features,-11.316,1,0.0316,0.101,0.378,0.636,0.424,0.373,0.0
1AHfovSnGPVYKaahRtA0U6,178.422,audio_features,-7.178,1,0.374,0.383,0.485,0.614,0.543,0.00776,3.28e-05
5OQO6NEs89flntUWPtXUiG,90.997,audio_features,-8.109,0,0.114,0.102,0.678,0.767,0.731,0.103,0.00364
3p1oRfbN2RrDdSyG8S7itI,92.929,audio_features,-7.284,1,0.251,0.901,0.486,0.805,0.737,0.34,0.0
5FWViyEsDYr3hkYmj10GxZ,95.926,audio_features,-7.047,1,0.0343,0.064,0.594,0.583,0.466,0.392,0.0
0RVFjx2HwbHcl5SCSADpFP,180.738,audio_features,-9.059,0,0.148,0.0985,0.356,0.479,0.646,0.00559,0.784
7f1UEGMBMuXfLBP5XANfrW,95.525,audio_features,-6.489,1,0.361,0.174,0.616,0.927,0.517,0.0679,0.0
4fOFOwrAHA9PdhOL7lciok,94.054,audio_features,-3.722,1,0.0277,0.307,0.651,0.629,0.721,0.502,0.0
7qdo6JOOaaY9LadOAhfXq7,103.312,audio_features,-4.38,1,0.0976,0.18,0.562,0.907,0.645,0.043,0.0
2OyaNAq8BcGstyzueloqpE,115.126,audio_features,-7.136,1,0.0494,0.425,0.907,0.516,0.73,0.344,0.0
2qV5Ce0sMlFsrseRO5CTMU,83.044,audio_features,-14.847,0,0.0299,0.113,0.0666,0.256,0.319,0.366,0.718
6DmyknyzXRbIKZe3ySDA6Y,87.896,audio_features,-15.716,1,0.0369,0.16,0.759,0.575,0.399,0.0815,0.07
1qEyqHR1xsj2MC4Qy0dsaI,150.081,audio_features,-6.494,1,0.0367,0.334,0.531,0.454,0.853,0.046,0.000198
70uktTEq3AiRQAtqdl20qG,170.215,audio_features,-5.872,0,0.258,0.401,0.671,0.737,0.682,0.0149,5.36e-06
5MDQNJ7SZTytJwCbWKqJDL,177.508,audio_features,-8.177,1,0.0553,0.0426,0.475,0.41,0.468,0.298,1.19e-05
5TLA7O0ogTqwZHbS3ERabw,140.156,audio_features,-10.043,1,0.0358,0.126,0.148,0.33,0.529,0.000807,0.214
1YsTvffZ63Yo1eHkajbeQF,165.832,audio_features,-6.992,1,0.0454,0.0878,0.935,0.493,0.61,0.704,1.29e-05
46LEQkbfPT5x2ZanS3STg5,134.294,audio_features,-4.683,0,0.0351,0.318,0.418,0.741,0.519,0.426,0.0
1zB0kXKLQr7tYifth69jlG,95.927,audio_features,-4.918,1,0.135,0.471,0.438,0.834,0.759,0.0278,0.0
1RjU7UhRICmdFPKxCucLgq,92.038,audio_features,-3.641,1,0.359,0.122,0.661,0.875,0.658,0.275,0.0
1mwR6Qc9LXL8Pya9RIVXBm,111.892,audio_features,-9.975,0,0.032,0.458,0.745,0.642,0.611,0.176,0.00184
5f2wSctNJlAOUAaRxQAcoM,155.832,audio_features,-8.736,0,0.0423,0.0635,0.684,0.49,0.883,0.0121,0.0
5FR54UnizyI8pE5E9Zb0Dt,142.026,audio_features,-8.079,0,0.29,0.503,0.956,0.544,0.648,0.0068,0.000919
4wtR6HB3XekEengMX17cpc,137.064,audio_features,-10.761,1,0.0337,0.0625,0.387,0.604,0.755,0.000298,0.817
6TZTu1F0gnp8mtzvYZao41,115.073,audio_features,-13.578,1,0.475,0.0251,0.881,0.898,0.31,0.0955,0.0
4xrBjUq18fvXK68DJEi5XM,87.611,audio_features,-8.254,0,0.0595,0.0944,0.492,0.653,0.746,0.28,5.49e-06
7jg3Irt0hqnss3HvaPP2D2,96.025,audio_features,-7.6,1,0.0532,0.112,0.846,0.778,0.644,0.145,0.0
4oviAMVnj3noW22hfvgFQS,97.259,audio_features,-22.644,1,0.0352,0.211,0.422,0.346,0.0578,0.932,0.928
4THrHKyBL0yaDDw9yg37Zk,95.758,audio_features,-7.952,0,0.0318,0.133,0.873,0.501,0.689,0.306,0.000169
683hRieVmYdAhVA1DkjSAk,132.031,audio_features,-4.78,0,0.0401,0.287,0.843,0.798,0.952,0.064,0.000513
2CLSHTGF4jYXx2RCz1h0dS,79.022,audio_features,-6.106,1,0.0963,0.155,0.751,0.746,0.665,0.00532,0.000804
0S3fsClMI9T26hpfwBdRqA,110.06,audio_features,-4.75,0,0.0279,0.0472,0.74,0.815,0.671,0.411,2.09e-05
5r96TaQquRrlo3Ym3ZlSL2,80.902,audio_features,-10.54,1,0.172,0.267,0.483,0.728,0.448,0.103,0.0
66AMCAjrOk7c957i3ej06f,142.075,audio_features,-14.248,1,0.272,0.116,0.649,0.81,0.428,0.0623,0.0
5D8SzvASRr7V7ZrrXsh6SY,77.945,audio_features,-6.481,0,0.0244,0.195,0.582,0.451,0.583,0.595,2.99e-05
7GuLQiPvQbfzP0kqcvgIQQ,99.92,audio_features,-5.289,1,0.0378,0.247,0.478,0.494,0.913,0.000165,0.00898
1g5EcKDECPxeI7kgkvcbxm,91.294,audio_features,-8.604,1,0.0248,0.161,0.297,0.545,0.452,0.595,1.29e-06
47OEl1PttAFxNEf9KRmx23,123.22,audio_features,-4.734,1,0.0283,0.169,0.797,0.684,0.771,0.133,0.00112
70ST9PIr6jSG8V2FqFDf2L,92.552,audio_features,-15.205,1,0.0569,0.101,0.819,0.835,0.546,0.0529,0.0
5qG4mrKUlmGce1FA4wGrr7,110.788,audio_features,-6.522,1,0.0445,0.125,0.108,0.357,0.812,0.000598,0.0175
7qEm8Z4KFLdCMlv96KykVd,104.43,audio_features,-6.205,1,0.106,0.085,0.859,0.591,0.869,0.000772,4.06e-06
0gsl92EMIScPGV1AU35nuD,118.515,audio_features,-10.005,0,0.0287,0.0686,0.0775,0.344,0.325,0.35,0.0223
0t6DAi9KEiaWOtgTTXGhD2,112.955,audio_features,-8.285,1,0.0406,0.1,0.717,0.629,0.673,0.0419,3.64e-05
0meAc2H0tC5tOTd6MDe0cI,119.93,audio_features,-7.28,1,0.0286,0.13,0.746,0.696,0.778,0.0291,1.77e-06
6YX75Ps2XsWn9dOzwbqmNV,127.985,audio_features,-3.262,0,0.0325,0.121,0.861,0.674,0.908,0.0714,0.000104
2nklcPJ3YhYJfC2ibStXz9,107.416,audio_features,-8.011,0,0.0299,0.158,0.764,0.577,0.726,0.00199,0.0386
4lsEHglVsLzILTDQ3CNESV,74.8,audio_features,-11.015,1,0.0293,0.0994,0.135,0.51,0.44,0.125,0.0
2ezqQeBiC72gwMJoO4w1hA,143.676,audio_features,-7.699,1,0.025,0.0963,0.279,0.654,0.417,0.0624,0.0
6CTwsxJN5gh9MWnXhbVJmD,106.968,audio_features,-11.155,0,0.0255,0.11,0.246,0.631,0.399,0.284,0.0
40L8L7344pPMCjlZc19RQU,170.256,audio_features,-9.077,1,0.128,0.0785,0.56,0.427,0.867,0.00535,0.000846
4VNvzf9nHWAZBHAJxfzVcy,112.061,audio_features,-5.889,1,0.0332,0.314,0.496,0.543,0.723,0.594,0.00316
36AWdhZIGLUTkWpJDhe7va,143.966,audio_features,-7.878,1,0.0268,0.238,0.7,0.646,0.665,0.326,1.97e-05
1bb6bROP3OXMHcPw84MtmN,88.87,audio_features,-6.77,0,0.251,0.109,0.766,0.827,0.635,0.278,0.000119
5TKuf1mxDlHdXcvdIDViUR,124.417,audio_features,-7.997,1,0.0294,0.291,0.722,0.578,0.764,0.08,0.0
5fRvePkRGdpn2nKacG7I6d,100.021,audio_features,-5.414,0,0.0421,0.152,0.965,0.832,0.838,0.0791,0.0
5NLUcVnVHfnkt4uUexWdIH,115.897,audio_features,-6.688,1,0.0327,0.119,0.838,0.715,0.78,0.0109,0.0017
0hcW7qPqWWJc8189OaqQvX,112.249,audio_features,-9.612,0,0.026,0.0549,0.266,0.722,0.327,0.299,0.000661
6SJ1hWFVBIiUgGgHKvwXCQ,104.708,audio_features,-6.332,1,0.125,0.208,0.947,0.557,0.87,0.064,1.51e-05
4s6Q9zPmiYcpo5MR7uoVnt,173.793,audio_features,-7.543,1,0.0365,0.0817,0.862,0.566,0.861,0.143,0.000213
7722WsrGPUvUMcfBR87nhc,85.95,audio_features,-4.567,0,0.192,0.217,0.711,0.828,0.893,0.117,0.0
3LRYwBJECFeQGi16cPxEZY,78.685,audio_features,-43.77,0,0.0715,0.05,0.109,0.32,0.00157,0.985,0.0465
4Fnqj2sMVr4el2IOzF6FOO,137.839,audio_features,-7.576,0,0.0248,0.064,0.818,0.583,0.642,0.316,7.05e-05
6ZzeXWwDvMzrgCWt9RwBj1,150.893,audio_features,-7.97,1,0.0643,0.222,0.317,0.389,0.925,1.79e-05,0.244
3nDYsXggRQxf7PCNUjR4rz,87.335,audio_features,-8.758,0,0.349,0.149,0.573,0.758,0.912,0.172,1.09e-06
3g2gQMeeQAEPztiQKMlGSl,148.092,audio_features,-4.968,1,0.0659,0.0932,0.661,0.479,0.707,0.0471,0.0
64XSAtXpCJUmadm3fkpH4z,89.051,audio_features,-9.455,1,0.0246,0.13,0.479,0.559,0.504,0.106,0.0
3S4G4SL15Cp4CvAfmye8um,90.835,audio_features,-7.363,1,0.155,0.149,0.274,0.25,0.91,0.00129,0.553
5P0FaLdSqCpFolBHv4M8ig,130.134,audio_features,-9.889,1,0.0312,0.125,0.544,0.735,0.301,0.203,0.0
7k3sn5TIQ3qRVJ8FPTG9kx,103.145,audio_features,-7.154,1,0.259,0.356,0.535,0.697,0.901,0.169,0.0
3OYbmTwwQ1dTnGyKmgc1Mt,110.755,audio_features,-10.689,1,0.0311,0.303,0.746,0.655,0.751,0.066,0.0
2PsHIonOTmX6bSrzIJSjyS,176.088,audio_features,-9.432,1,0.0375,0.103,0.25,0.64,0.433,0.509,5.16e-06
4kIx6QQ6LtU6y3ySfwSKLB,151.261,audio_features,-9.296,1,0.0491,0.101,0.323,0.42,0.944,0.0599,0.74
21Xc8hEIzv81jwiftI4hJB,89.886,audio_features,-10.293,1,0.0528,0.123,0.536,0.682,0.729,0.259,0.0105
6doSV1UQjyKxiNCnBnDTeG,88.816,audio_features,-8.937,1,0.0734,0.871,0.331,0.356,0.503,0.766,2.51e-06
5ktyEZbrgBEePsu6MW5Cvw,116.023,audio_features,-7.146,1,0.0357,0.11,0.777,0.351,0.9,0.000107,0.0262
1SVm64B4Ry7dqFSxHY8e65,104.535,audio_features,-11.615,1,0.0288,0.138,0.816,0.706,0.801,0.101,0.00159
11XR0tRT4g5ov4u8M92wbF,69.125,audio_features,-12.306,1,0.0302,0.21,0.466,0.524,0.177,0.865,0.0
694ISCxj0nirQhsAn830hu,118.649,audio_features,-7.812,1,0.0463,0.32,0.719,0.72,0.682,0.102,0.0
44YTMbU3aqvE7q09rjyUb3,116.083,audio_features,-6.303,0,0.0253,0.112,0.554,0.644,0.748,0.122,0.000114
0D5L0ZxGyhEFTqhfiXwYxw,172.975,audio_features,-7.505,1,0.0504,0.0681,0.791,0.512,0.909,0.317,0.0
67ZorjDM25q7bETfLbHdfS,94.166,audio_features,-7.151,1,0.0363,0.193,0.958,0.79,0.608,0.522,0.00491
7trA1Ch9T9LWxf8IR5WSgC,120.194,audio_features,-10.653,1,0.0264,0.0682,0.637,0.73,0.62,0.0861,0.000232
2PeLrcfqn5agneKc3S2HMu,112.373,audio_features,-7.351,1,0.187,0.639,0.5,0.499,0.934,0.0167,0.0
51HiIbv8gO0HvwpmAxXAFe,144.157,audio_features,-9.769,1,0.0511,0.136,0.757,0.725,0.575,0.0301,4.84e-05
37tzoWY1ubBQKGXiWdO5Qv,127.06,audio_features,-11.018,0,0.0318,0.071,0.964,0.734,0.828,0.0346,0.118
0QnGI4OgY8ReggLWvEXdgD,90.993,audio_features,-8.681,0,0.315,0.778,0.746,0.752,0.611,0.21,0.0
7bTIHRRwHGOhWN9ggFxxT9,114.443,audio_features,-6.913,1,0.0684,0.274,0.959,0.817,0.613,0.254,0.0
4CxxcJUWq4dt0cDFhJyrKA,83.236,audio_features,-8.156,1,0.0389,0.129,0.771,0.721,0.716,0.484,0.00361
3clB1MI7aKn0N9X1KuWK8n,142.386,audio_features,-12.967,1,0.0536,0.384,0.738,0.683,0.416,0.462,0.0
6rqkwoZu5oX5hugeyiJCM8,155.829,audio_features,-7.047,0,0.0449,0.0342,0.68,0.461,0.924,0.0123,0.0
4oaj36KzXRgDg4McgcTsZK,103.018,audio_features,-12.561,1,0.0908,0.0422,0.965,0.927,0.721,0.422,4.36e-05
3SaGWAhXD4ntVgg8acyRiG,121.931,audio_features,-9.994,1,0.0289,0.0788,0.702,0.721,0.534,0.0979,0.000443
4o1E2c0ye1RlIJJqOM0dqP,167.223,audio_features,-8.209,1,0.0403,0.0806,0.485,0.469,0.594,0.0663,0.0
6HJCGXNww93AIaaxUb7C3O,158.939,audio_features,-7.046,1,0.047,0.0778,0.944,0.639,0.712,0.481,1.25e-05
7xdQBiKGzfN8ripbLkihWu,126.964,audio_features,-11.115,1,0.0319,0.125,0.372,0.619,0.575,0.323,1.39e-06
2O0eIukxche3RjnlDdmnuA,95.036,audio_features,-14.321,1,0.0369,0.0635,0.847,0.747,0.661,0.0374,1.44e-06
6Fba9RZtC6vTY814JToDtP,130.011,audio_features,-7.201,1,0.0291,0.0645,0.772,0.542,0.822,0.0745,0.00947
6y0Etr2KJr0sdcEp7ajoUK,119.865,audio_features,-7.719,0,0.0495,0.309,0.925,0.633,0.921,0.0261,0.00102
3XGoARtNbZya1yp885jjAo,99.939,audio_features,-8.541,1,0.0258,0.394,0.679,0.514,0.559,0.0189,0.000147
0myfUjrUP8kMrk48nOXAY0,96.943,audio_features,-7.142,1,0.0535,0.076,0.532,0.68,0.671,0.171,0.0285
1ak2K9SpHCjnDbxmNFxr6P,126.211,audio_features,-6.744,1,0.0265,0.0543,0.741,0.744,0.699,0.101,0.0
1EZypwk0xcj64ZLAglhLs2,110.001,audio_features,-6.68,1,0.026,0.204,0.599,0.708,0.752,0.0813,0.0
1qZqFtSINOOmjYH1UE9805,79.182,audio_features,-5.443,1,0.275,0.353,0.503,0.644,0.846,0.124,0.0
4lq4yY0y3XqDQZsx03ITaH,161.992,audio_features,-6.005,0,0.029,0.153,0.341,0.519,0.589,0.0885,0.0
52PgJoRz30sRQGOGqXYKdX,77.887,audio_features,-14.975,1,0.489,0.147,0.339,0.53,0.45,0.196,2.62e-06
5WcIcxtF79cCtpRRHzCutr,102.92,audio_features,-9.159,1,0.0255,0.118,0.658,0.737,0.499,0.15,2.57e-06
6Ad2BCQGByNSDSYAdn9iEk,68.879,audio_features,-19.046,1,0.0454,0.0952,0.15,0.421,0.112,0.994,0.871
568M6H90sx25vD9QkX2GhE,84.204,audio_features,-5.53,1,0.0343,0.159,0.72,0.678,0.776,0.508,0.00374
3hlhefxgyp4MDnN6C2dQ5H,95.995,audio_features,-7.114,1,0.029,0.0675,0.392,0.731,0.574,0.0644,0.0
4mOxpj82q6n3EO7HBZCelX,167.812,audio_features,-8.05,0,0.0324,0.0989,0.403,0.558,0.579,0.342,0.00831
7ycFNferNuk6wAjBa0vWvl,152.851,audio_features,-11.402,1,0.042,0.333,0.664,0.631,0.587,0.536,0.29
5CjwXdq5Z73Va0XCPFG5Aq,135.76,audio_features,-4.566,1,0.0423,0.339,0.683,0.539,0.893,0.14,0.0
5qEZvemAAeZ8E9KmyyGaLe,178.823,audio_features,-10.215,0,0.0394,0.197,0.46,0.276,0.872,2.61e-05,0.876
17x5wtRbLklZSqevEnBh8O,145.66,audio_features,-8.16,1,0.0357,0.0913,0.812,0.703,0.424,0.732,0.0
4qDw65LRA3tT1ZDmghkgFA,149.224,audio_features,-7.883,1,0.0319,0.325,0.693,0.583,0.352,0.547,0.000213
1CxG3QsfkmcUYlxWwvOtz5,151.466,audio_features,-5.29,1,0.032,0.317,0.929,0.623,0.91,0.169,0.00267
3N7GqZMpZJW69Te1bfUTc3,114.748,audio_features,-11.997,1,0.0799,0.608,0.415,0.673,0.613,0.00436,0.362
36m3Gq1HHTnT9BKbSuhm0R,191.857,audio_features,-8.826,1,0.0667,0.105,0.963,0.498,0.491,0.142,0.0
6ekixEa22KrZuSynAfxQ8i,161.488,audio_features,-7.244,1,0.0312,0.222,0.909,0.636,0.778,0.206,0.000176
71mNLAZsr1frFhpCa3JI8G,91.996,audio_features,-9.747,0,0.18,0.121,0.539,0.783,0.457,0.0442,0.0
3TcPdLmJd4bkexN5QeZwre,92.068,audio_features,-11.785,1,0.0505,0.11,0.0701,0.703,0.359,0.0822,0.93
3cMuGOGSaTWbwOurTS4b3Y,88.831,audio_features,-14.112,0,0.031,0.139,0.504,0.536,0.479,0.277,0.0285
4u5ofLk8CMrtQnRaiIVH4O,123.008,audio_features,-15.632,1,0.0297,0.105,0.138,0.5,0.196,0.754,0.0423
0XMzFZgFvEqH2nEa3iwNUD,74.131,audio_features,-7.297,0,0.0303,0.165,0.223,0.298,0.52,0.265,0.0
1B53Y95tPd4ah4FExO0egE,92.727,audio_features,-10.539,1,0.168,0.0891,0.683,0.885,0.414,0.341,0.000289
5bUVHuzQh5mkvMPjUU074i,88.988,audio_features,-13.909,1,0.152,0.28,0.367,0.846,0.326,0.0134,3.97e-05
4XuxLpj5ziK89yuhDjcBnN,131.223,audio_features,-8.001,1,0.0253,0.0809,0.946,0.634,0.685,0.283,2.06e-05
7HaK3CjawpQc6kKJXAIrcw,148.294,audio_features,-7.877,0,0.0517,0.0333,0.965,0.74,0.47,0.727,0.000109
5hcer4MP5GeHqtSjDYx5AC,95.039,audio_features,-7.015,1,0.0409,0.062,0.429,0.725,0.614,0.136,0.792
4BbwjVS27IuC7bvN7qzAvS,143.773,audio_features,-8.74,1,0.0286,0.0553,0.366,0.593,0.457,0.142,0.00221
2Ou1Hyvr08mr0pZauPvv6j,119.676,audio_features,-7.51,0,0.0434,0.13,0.295,0.405,0.894,0.00907,0.00035
48sJGpBLqQTs0sZ2ImHJof,94.82,audio_features,-6.104,1,0.119,0.116,0.296,0.444,0.884,0.00751,8.94e-05
5pd09tZmcXpyaXcuzs1p7J,109.268,audio_features,-10.134,1,0.0341,0.245,0.464,0.638,0.661,0.137,0.0
2MflYZf6aZzOxQWX0O7Brc,118.11,audio_features,-7.395,0,0.0321,0.0518,0.334,0.714,0.37,0.436,0.0
6Ag4SYLUGFdnJrCwUIb4mT,105.986,audio_features,-8.984,0,0.41,0.307,0.495,0.855,0.614,0.015,0.0
2WthqeuPLwn0CHwCMrlt6L,138.964,audio_features,-15.069,1,0.0296,0.127,0.0709,0.568,0.224,0.677,0.0
3rsVX2Pd8UkjqF2MAZqeif,99.672,audio_features,-3.257,1,0.0471,0.252,0.924,0.725,0.889,0.294,0.00311
4DXrhZ4tF3BeVm2aLdhdKG,145.288,audio_features,-6.219,1,0.043,0.147,0.589,0.637,0.505,0.00839,0.00533
2YGwSRjcY4Hjz6fktW9619,90.066,audio_features,-7.066,0,0.0426,0.781,0.381,0.541,0.854,0.00109,0.000199
5qR3pYQIC10S7aD2YBjgui,109.906,audio_features,-8.868,0,0.0318,0.143,0.423,0.651,0.498,0.39,0.0
4HwQuM4s5ZtsFcTo9MumnW,145.1,audio_features,-7.92,0,0.0303,0.277,0.959,0.767,0.775,0.318,0.0
3z7aMSuKqrPQluiJro3Gqt,125.409,audio_features,-6.753,1,0.0254,0.0626,0.912,0.693,0.705,0.117,0.000609
1cikrStdIjqYJrpM0gfFuo,92.18,audio_features,-7.157,1,0.361,0.191,0.391,0.91,0.435,0.04,0.0
3eY9pixHny3kVRLeqNezQx,171.942,audio_features,-7.497,1,0.509,0.222,0.847,0.552,0.731,0.0946,0.0
6QdZhhQc4wYEi7amJKuWqu,75.186,audio_features,-8.504,0,0.23,0.0548,0.812,0.83,0.491,0.049,0.0
0uZRJmWi1TH3wrAN7hAbyF,165.813,audio_features,-5.995,1,0.0341,0.231,0.587,0.551,0.794,0.0594,2.01e-05
2dHnJmZMNJlKLmCNV0Ahnt,202.407,audio_features,-2.866,0,0.376,0.353,0.459,0.609,0.871,0.0732,0.0
633Zk0NRe7kuglSgPmUvSG,158.494,audio_features,-6.095,1,0.0323,0.139,0.409,0.203,0.457,0.922,0.00188
6VAdOq9sndm8QQqXx4BhkK,92.527,audio_features,-6.081,1,0.156,0.334,0.576,0.777,0.77,0.00288,0.00019
5VuwAhMCz9EMg3RHL1KUEr,106.903,audio_features,-18.049,0,0.036,0.112,0.278,0.493,0.175,0.949,0.777
2ey8VvW7LS4G0q9xtgEtBA,81.849,audio_features,-7.851,1,0.304,0.376,0.709,0.558,0.703,0.322,0.0
0kpQxd2YgT9DQ7a7keVKJq,117.993,audio_features,-15.38,1,0.0433,0.156,0.784,0.712,0.0741,0.851,0.0
0DRh0T7UkzpnjoKtU6zVod,98.698,audio_features,-6.476,1,0.0487,0.093,0.319,0.438,0.91,0.00637,5.57e-05
6KFGzQWTcemjtFgjN9yCBf,98.301,audio_features,-9.383,1,0.0264,0.147,0.477,0.564,0.612,0.301,0.00244
1oyFVrHU6I2vRUSR1VVDKL,115.794,audio_features,-14.187,1,0.0607,0.0784,0.888,0.834,0.373,0.171,0.0
46q5BtHso0ECuTKeq70ZhW,124.908,audio_features,-6.255,1,0.0411,0.23,0.834,0.772,0.705,0.247,0.0
6iPZEvHsTanHMOtjyJWMEm,107.27,audio_features,-10.826,1,0.0262,0.103,0.522,0.614,0.576,0.01,2.55e-05
4Gf68vwxa69hCiXmJ1jvgj,130.058,audio_features,-4.047,1,0.0308,0.0589,0.634,0.682,0.948,0.0721,0.0
2QLEN3RVunMas7j0PHjeAT,135.988,audio_features,-4.933,0,0.0914,0.408,0.923,0.843,0.959,0.0913,0.0
7xeh81c3bxTgqUgy2WN56u,77.01,audio_features,-5.979,0,0.0913,0.33,0.856,0.712,0.906,0.0186,0.0788
1jI1aLmm5HTwiMtvsbwDJw,118.002,audio_features,-6.658,0,0.0376,0.73,0.899,0.727,0.83,0.0226,0.00356
5otUV0LUycAHXqGVz8bZY0,125.389,audio_features,-7.631,1,0.041,0.112,0.333,0.702,0.493,0.399,0.0
2yBAPa9HZj3P2szSaaj4k1,95.125,audio_features,-8.534,1,0.024,0.883,0.432,0.554,0.515,0.0883,2.7e-05
5czjjnbTatyFal33a9h1aN,94.016,audio_features,-7.456,0,0.262,0.106,0.692,0.796,0.798,0.0153,0.0
4yrvnhXDys0DTs2yTqpLBJ,137.97,audio_features,-9.317,0,0.0359,0.117,0.318,0.383,0.572,0.718,0.86
01ZoBkMJAxjPx5gQcNR7Yl,80.27,audio_features,-6.705,1,0.0554,0.235,0.674,0.654,0.721,0.0155,0.000923
5XXiK8GZjjmCHpBpUEm9z5,90.483,audio_features,-6.324,1,0.0624,0.446,0.647,0.391,0.968,0.0102,7.01e-05
3QAE7ypzhNZzQxOjKCGHD9,121.801,audio_features,-12.938,0,0.0468,0.971,0.244,0.36,0.548,0.328,0.217
5iTyKHHx9efbjrOXPP48gG,93.116,audio_features,-4.605,1,0.285,0.0434,0.864,0.783,0.891,0.0173,0.00107
3VXdEVTbT6SLTrOLEX7MCr,99.01,audio_features,-10.822,1,0.154,0.0454,0.566,0.849,0.61,0.0204,4.76e-06
7FkyQsWH9mmxoYLCNj4f8y,97.084,audio_features,-9.613,1,0.0316,0.101,0.613,0.687,0.565,0.0682,0.599
4rp9YObc6Q5xc6X1S8c7m9,93.261,audio_features,-21.151,1,0.0431,0.0683,0.117,0.211,0.159,0.783,3.99e-05
4CbHM5bpfOfMNxNgVDHJRw,119.582,audio_features,-8.437,1,0.0358,0.0798,0.175,0.354,0.626,0.00051,0.564
5t8sFMJ2aQaHqLnrAd4Q40,125.691,audio_features,-3.642,1,0.09,0.242,0.532,0.524,0.973,0.00413,0.00623
3aL7uOGU9S77L4pfFr43Es,92.004,audio_features,-3.81,1,0.236,0.267,0.642,0.773,0.801,0.159,0.0
3YJrnXT1UNpRgnc7lcgXSF,69.432,audio_features,-31.948,0,0.0394,0.0825,0.0673,0.296,0.00896,0.994,0.91
2fKdsBazcOLLIzDiZUQCih,169.213,audio_features,-7.75,1,0.0393,0.0827,0.313,0.408,0.717,0.000578,0.0599
2GHp47AE8HTBF9xpG7FIoz,146.073,audio_features,-9.816,1,0.232,0.134,0.699,0.813,0.544,0.224,0.0
2z8tZ7BZ1GzFIlaPt5qWKx,138.02,audio_features,-9.875,1,0.605,0.286,0.751,0.846,0.548,0.415,0.0
3KdSCWeLG7wZcOL9vYQDuz,82.118,audio_features,-4.343,0,0.202,0.217,0.571,0.622,0.861,0.292,0.0
7e4jSwxQw6w4qHc9WmAh7c,139.936,audio_features,-13.337,1,0.0321,0.328,0.717,0.59,0.394,0.334,2.51e-05
3yubyWatnRRLHkIsN1ZI2Q,114.08,audio_features,-6.908,0,0.0339,0.0648,0.661,0.539,0.762,0.158,0.908
5XPwkZ7vNxeidpNLAkwtFp,73.613,audio_features,-6.43,0,0.0381,0.163,0.515,0.463,0.555,0.745,0.0
2LpDaTcq9mHmhIr43phoDd,168.381,audio_features,-8.034,0,0.0371,0.433,0.841,0.53,0.515,0.229,3e-06
68WCiBa9dfDU5PBhTl6MYe,189.876,audio_features,-8.855,1,0.497,0.0748,0.742,0.495,0.715,0.135,1.04e-06
1Sqe82k1NRzxZsLOOBAHTH,75.132,audio_features,-8.14,1,0.0341,0.0941,0.961,0.669,0.812,0.332,0.0
43Qr1YBCY3vSVCvZuR0PCb,140.344,audio_features,-3.819,1,0.0679,0.11,0.601,0.55,0.965,0.0309,0.0
6SaeXxdt0Id6ZzmX0ZGTQK,104.444,audio_features,-7.522,0,0.072,0.345,0.551,0.735,0.64,0.052,0.00102
2rtDTRFjBoqyj2rgi5mOAF,112.966,audio_features,-4.518,0,0.0363,0.227,0.91,0.758,0.875,0.0851,0.0
4lHzRngQQA2f7dyj8vp6Lx,110.97,audio_features,-8.526,1,0.0508,0.209,0.929,0.746,0.734,0.373,1.69e-06
1RLAPRIMWznZAvpdc6Qna5,110.431,audio_features,-9.232,1,0.0576,0.0832,0.969,0.839,0.52,0.416,1.6e-05
5cLttQXyVI07tUKCN8T4OD,123.998,audio_features,-7.931,0,0.148,0.181,0.521,0.543,0.829,0.005,0.00186
6EAKWJ5K0SY0gsJF3u0yy4,99.596,audio_features,-11.029,1,0.0312,0.0842,0.731,0.654,0.487,0.232,0.0
1ycz5DvATLtmn2pOU8u38C,90.551,audio_features,-7.03,0,0.0389,0.222,0.355,0.454,0.82,0.0822,0.848
2AAsziSTEQoTMIyXAunJbY,103.514,audio_features,-5.753,0,0.0303,0.477,0.696,0.657,0.587,0.649,6.89e-05
1lCC3flXDsXQrNPcvDojuI,107.781,audio_features,-6.443,0,0.106,0.35,0.668,0.654,0.77,0.0102,0.00827
3G1lmq2hDoJZlemVcJNFK0,113.974,audio_features,-5.682,1,0.201,0.799,0.751,0.908,0.938,0.0691,0.0
2mj1Z5bqu0UfW4o4a7UxpW,164.021,audio_features,-8.874,0,0.0272,0.105,0.359,0.555,0.543,0.428,0.0
5Ba4YFq13YdsTosd7mwqzi,165.048,audio_features,-7.895,1,0.0378,0.0787,0.77,0.653,0.748,0.503,3.43e-05
4nAk5rTFqrGcoAXLP2ppUl,153.78,audio_features,-12.508,1,0.0294,0.112,0.25,0.537,0.301,0.631,6.29e-06
1iXtpeHC0i6c7JBrKi3yaq,73.968,audio_features,-8.457,1,0.0389,0.341,0.602,0.623,0.479,0.17,0.00561
09KJ3XQZ9RQ5prbSp59Wbc,126.3,audio_features,-8.256,0,0.0373,0.131,0.455,0.477,0.688,0.00746,0.213
05Iawel3maRW3mSHYmXxMZ,94.895,audio_features,-11.481,1,0.464,0.0782,0.579,0.78,0.378,0.197,0.0
7qOjjzbvSsdHcAU31va4rz,109.344,audio_features,-10.473,1,0.0308,0.27,0.484,0.617,0.303,0.491,7.6e-06
5PnEkOUOFnk0wMI71JwddQ,112.117,audio_features,-10.507,1,0.0296,0.264,0.718,0.406,0.371,0.82,6.76e-06
0G6Ws8Gbdt0S7pZeuYmkmm,96.856,audio_features,-13.174,1,0.0301,0.0854,0.168,0.59,0.229,0.116,0.00168
2Ja3UauMDeQnq4sI8a64Ys,173.804,audio_features,-9.209,0,0.443,0.16,0.755,0.665,0.566,0.484,0.0
76YDsWGWezclVy9Z6sDGhf,131.737,audio_features,-17.199,1,0.298,0.224,0.723,0.953,0.428,0.0079,0.0302
5HjviQMuDBIvcyNXJtka23,159.858,audio_features,-10.189,1,0.0479,0.365,0.642,0.467,0.664,0.0448,0.0
42Lq6GBO5KUSNeSgJsOoke,141.257,audio_features,-5.391,1,0.109,0.0697,0.298,0.514,0.987,0.00135,0.000193
43P5sm3VJt3zLUhDk9kDDB,92.705,audio_features,-5.067,0,0.262,0.315,0.781,0.709,0.912,0.0149,0.0
4b79AEQyxEVoiGMyBUv0io,132.145,audio_features,-5.82,1,0.0275,0.258,0.218,0.514,0.514,0.253,0.0
1LuvccUiy1j9y8hpPBzQNh,95.23,audio_features,-8.304,0,0.391,0.241,0.652,0.927,0.427,0.0555,0.000692
1pQPpSRZ0cUYX0tsZNSBwz,101.667,audio_features,-7.948,1,0.0509,0.129,0.859,0.683,0.618,0.183,0.0
0KGCTdgtxawKhrNrbuT10z,104.394,audio_features,-11.878,1,0.0406,0.0587,0.872,0.655,0.584,0.159,0.000123
01Ql3SAvnNIXQRO4Ajjwyl,149.303,audio_features,-8.902,1,0.0352,0.172,0.922,0.567,0.703,0.694,0.000443
6cVxGzo7214XabSXFGasNl,137.516,audio_features,-11.54,0,0.0284,0.121,0.148,0.306,0.297,0.761,0.115
2PkqXRMFpp3jDTbHQMIaEt,92.614,audio_features,-3.972,1,0.159,0.172,0.436,0.402,0.947,0.00206,0.0
2stEJLTY3p7LBqW2XwHw4A,81.908,audio_features,-8.285,1,0.232,0.541,0.501,0.734,0.696,0.0215,0.0
0QXxJofIuWHLQafnTzFAwV,165.277,audio_features,-8.727,1,0.032,0.0988,0.742,0.438,0.576,0.0302,1.09e-05
7bFNtX22XJMy5TuEpQfa3C,104.753,audio_features,-3.888,1,0.0543,0.37,0.907,0.466,0.96,0.000481,0.0
5qKqRkWnRTXNVWbEOOmGxk,111.649,audio_features,-7.263,0,0.263,0.113,0.489,0.886,0.642,0.0531,0.000545
2hcywxHZcxmX27lX5qm8MT,131.91,audio_features,-10.695,0,0.0293,0.16,0.787,0.619,0.564,0.871,0.926
3tEF8OVMLIp56LEi3lTmbe,92.053,audio_features,-4.378,0,0.266,0.113,0.567,0.766,0.795,0.067,0.0
49gKf6bWhRRlWqAk5BDNTs,112.605,audio_features,-12.16,1,0.139,0.199,0.779,0.803,0.374,0.851,0.0
0yNCFwihschpOwSgK31f2O,88.987,audio_features,-4.571,0,0.0882,0.522,0.899,0.72,0.719,0.185,0.000128
1a9maLxqpx3cxjY1lTj62B,79.526,audio_features,-9.334,0,0.0353,0.251,0.643,0.664,0.645,0.532,0.652
6OaEDkmHRShOceKMVJRVSL,143.229,audio_features,-28.061,0,0.0361,0.151,0.56,0.209,0.142,0.989,0.895
3rQndjZ676PPjV9QvL42te,93.872,audio_features,-6.686,1,0.0358,0.206,0.784,0.722,0.668,0.623,0.00025
63vUX4fixN873tbuAfUbaH,85.321,audio_features,-8.866,1,0.0328,0.104,0.493,0.599,0.546,0.766,1.91e-06
4fGY24H3cfYLDemnkRrsf1,78.323,audio_features,-9.432,0,0.0326,0.455,0.778,0.58,0.516,0.196,2.04e-06
42hDrA9GTkuvpxjLtAshct,133.69,audio_features,-4.979,1,0.0703,0.292,0.318,0.331,0.959,0.000923,4.6e-06
2uWMj52ImAeeGQFJmVlU5H,93.668,audio_features,-6.751,0,0.302,0.36,0.855,0.796,0.542,0.0853,3.2e-05
3yjVsUq8psgcHm8SQrZ8i4,90.228,audio_features,-6.0,1,0.324,0.0564,0.527,0.769,0.752,0.0317,2.96e-06
3RAjbhz2rNIAyujNyumABN,125.458,audio_features,-5.102,0,0.0788,0.0763,0.903,0.812,0.656,0.134,0.0
2tR3FMUgtCTWheiDNnLtMP,95.066,audio_features,-10.046,1,0.151,0.0666,0.809,0.873,0.59,0.0376,0.0
2F1Nv2lAuMqsVCVx47eyuW,86.015,audio_features,-9.353,1,0.0341,0.259,0.816,0.72,0.555,0.393,4.15e-05
1yTZjNU4R0pYNpXwyl37bE,120.127,audio_features,-10.114,1,0.0559,0.162,0.95,0.693,0.443,0.825,0.0
68fU62xt4ppqqihSBQO43H,132.397,audio_features,-6.5,1,0.0345,0.0954,0.643,0.577,0.89,1.28e-05,0.011
50iBJRkGjjht3RiwD0VqLA,84.318,audio_features,-7.861,1,0.0252,0.0631,0.189,0.511,0.701,0.000253,0.563
63kq9VZGTYhBELP0jX3qsq,139.402,audio_features,-10.991,1,0.432,0.131,0.759,0.721,0.554,0.417,0.0
65X7IUg2rPy57wK7mnVNqS,94.366,audio_features,-4.137,1,0.24,0.079,0.594,0.804,0.706,0.155,1.83e-06
7obdw7ZGr6l1GqSBkFiY11,103.201,audio_features,-8.589,1,0.0527,0.0945,0.947,0.741,0.868,0.249,2.19e-06
43lAvFigqX6LF678oVPCBN,117.891,audio_features,-7.722,1,0.0515,0.198,0.898,0.773,0.694,0.0894,1.64e-06
7AM7gEehnVqElO1BD9h8dC,96.296,audio_features,-7.696,1,0.027,0.234,0.954,0.677,0.742,0.169,2.56e-05
4kxDa9niTJIyh89afKjpCR,96.552,audio_features,-8.536,1,0.0275,0.111,0.868,0.59,0.718,0.255,5.86e-06
30SCXVFyQGOFMdKnbgJS18,124.227,audio_features,-13.19,1,0.0493,0.066,0.684,0.658,0.468,0.521,8.38e-05
3EXrtClWmgsM7dw75Mw2M1,186.762,audio_features,-7.128,1,0.0267,0.0691,0.348,0.454,0.524,0.351,4.32e-05
2hdcG4ioskpl9myk7L6gd9,200.196,audio_features,-7.673,1,0.056,0.0534,0.915,0.507,0.661,0.0712,9.08e-06
29aBFvccQbYYmCnEBP27Y8,97.141,audio_features,-11.717,1,0.0386,0.128,0.227,0.534,0.285,0.679,0.000499
4KF92hpwTpYBC8rdfKd7Po,114.201,audio_features,-9.208,1,0.0415,0.183,0.569,0.675,0.511,0.175,0.0261
1WWVlkmJSdLBSiqF2m8Ex2,110.545,audio_features,-9.621,0,0.0346,0.0765,0.314,0.727,0.413,0.712,0.000158
34VnYs7xwpscz3DkbTMoHb,97.622,audio_features,-6.611,1,0.0289,0.338,0.667,0.694,0.794,0.211,0.0
6Bzm7y5jZmHhAPaV7w3NZU,83.144,audio_features,-30.313,1,0.0576,0.227,0.0939,0.245,0.0233,0.978,0.484
1S05r50Qef8J6Yh6sGtjPj,90.054,audio_features,-8.299,1,0.028,0.172,0.743,0.689,0.678,0.314,0.0
7G8FRvHzyHTlUYOuhu4D68,77.205,audio_features,-6.935,1,0.0335,0.237,0.395,0.378,0.356,0.47,0.0
466QMr5bVL5dEjtGxgaXyC,147.062,audio_features,-6.786,1,0.0453,0.191,0.671,0.57,0.877,0.0196,5.22e-06
5QOvYYp7yRSY6LP7Vm48br,108.59,audio_features,-8.989,1,0.0741,0.266,0.0733,0.381,0.936,0.0199,0.0
7MH63filSWHfjwMlQrlQQG,171.655,audio_features,-8.99,1,0.0398,0.0786,0.945,0.489,0.767,0.00187,0.00572
74wVQ70UcpENCcJFOZCsW3,96.922,audio_features,-10.968,1,0.0385,0.14,0.422,0.577,0.313,0.709,0.0
20iH1uibQIUqNFk3wzG7AG,197.325,audio_features,-14.468,1,0.168,0.0723,0.687,0.564,0.378,0.705,0.000716
1IM8x4lxZVOOP9gpQD6c5s,115.884,audio_features,-20.419,0,0.0443,0.0598,0.172,0.442,0.181,0.906,0.656
4fXoeBGrVWfNKpdcmL8tw6,120.858,audio_features,-5.659,0,0.0388,0.259,0.944,0.569,0.932,0.000496,0.0342
5SfzMo9H3fkIFatwZveTK1,121.82,audio_features,-7.097,1,0.0396,0.207,0.955,0.732,0.804,0.543,4.41e-05
6dZKWYSx5YBIme4SfpIHJ0,82.768,audio_features,-12.208,1,0.11,0.0731,0.705,0.645,0.398,0.854,0.306
4ePx4Js87KSIVMLL4RD7vX,135.298,audio_features,-7.694,0,0.0311,0.395,0.397,0.451,0.497,0.0186,0.000505
4Yiabg80hPrLGkwwoiT7KQ,94.223,audio_features,-8.122,1,0.0287,0.0612,0.887,0.605,0.633,0.234,0.0
5KapB9KJnRsZrprzIAXycW,185.733,audio_features,-10.289,1,0.388,0.276,0.908,0.534,0.596,0.641,2.16e-05
0QbzR4Li7d8LrADxqS2Jto,101.976,audio_features,-3.203,0,0.18,0.305,0.545,0.723,0.927,0.0981,0.0
4eI8okfmurpexL41RdjkGA,137.681,audio_features,-11.796,1,0.0339,0.0648,0.498,0.626,0.42,0.75,0.0
2O5j27YkttbDS68wVuBjyy,174.253,audio_features,-5.322,0,0.113,0.0754,0.847,0.782,0.818,0.151,0.0
2KdsPGSUXbSZyq4oiDOqAe,86.196,audio_features,-6.972,1,0.37,0.372,0.723,0.866,0.605,0.152,0.0
1vUQ9c2G2YsZU7dYhAKMhf,85.781,audio_features,-10.927,1,0.0307,0.89,0.076,0.405,0.365,0.557,0.00048
2ck13qfgRZ1msyEJlDqzvk,129.021,audio_features,-6.182,0,0.0569,0.454,0.621,0.588,0.826,0.0351,0.0
1mhPVHjzfJLGird0TFZxmb,201.26,audio_features,-5.684,1,0.0357,0.078,0.53,0.469,0.606,0.151,0.0
7G2jAmiYUDZKyk7npVrgX8,130.205,audio_features,-12.158,0,0.0697,0.231,0.578,0.67,0.24,0.863,0.0
4qKDjmz094Bu2wMepNuwVN,71.32,audio_features,-15.923,0,0.0391,0.302,0.143,0.201,0.138,0.966,0.0415
6TNVylJaldIKLiDjXMcbQF,99.153,audio_features,-10.671,1,0.0272,0.0789,0.545,0.689,0.398,0.37,6.92e-05
7mHk9xv1aYsd0T3m9nolyk,122.785,audio_features,-3.881,0,0.0398,0.304,0.696,0.506,0.964,0.00814,0.0159
1MnXNW03vkijBz0GHAsHgW,109.724,audio_features,-4.201,0,0.0486,0.14,0.407,0.406,0.925,0.0672,0.0
09WxJCWFMWAxTHBLLelpDS,92.053,audio_features,-7.072,1,0.242,0.0881,0.814,0.842,0.831,0.127,0.0
1HUcU3GAKCR960czpLbqoD,166.469,audio_features,-8.046,1,0.0257,0.943,0.227,0.508,0.507,0.0399,8.41e-06
4DLVB91nzswc4wD7EchmXs,91.652,audio_features,-4.2,1,0.0741,0.487,0.649,0.635,0.844,0.00671,0.0
4xjGqrxavGBW8RldcCDBA8,127.846,audio_features,-8.959,1,0.0456,0.132,0.578,0.742,0.358,0.573,0.0
3GYDqqCfOhrB1XicSIh6AY,123.191,audio_features,-6.899,1,0.0695,0.0614,0.961,0.784,0.889,0.557,1.49e-06
5frMgt4jqRGJk3yMKfqOyl,175.726,audio_features,-7.334,1,0.031,0.257,0.405,0.375,0.694,0.0458,0.019
3ZTuYuaV1fhdNnuIBuzTYy,100.066,audio_features,-12.339,1,0.0784,0.0379,0.772,0.747,0.658,0.265,3.98e-06
7CLge2qFvAzm9hvgSlKd1z,66.671,audio_features,-10.338,0,0.0639,0.138,0.26,0.419,0.169,0.942,1.8e-06
7fnWTFPCOrP3Hmp7zHXq1Z,104.296,audio_features,-7.028,1,0.04,0.235,0.684,0.771,0.511,0.718,0.0
1Lpmme6uCsPJIdcbR5aePx,122.024,audio_features,-3.404,1,0.0472,0.0939,0.405,0.413,0.984,0.000434,0.0155
4Ms0GKHCtr5Lpg4dKOhO2I,164.817,audio_features,-9.187,1,0.0281,0.0865,0.488,0.613,0.831,0.388,0.95
3QT55sRs0R7AVFhBxSxrZN,86.494,audio_features,-5.793,1,0.26,0.173,0.508,0.702,0.803,0.476,0.0
2UA49yZYjwyhKqGH3hPIih,141.443,audio_features,-12.379,1,0.067,0.253,0.798,0.713,0.258,0.512,2.93e-05
5T01Xvq4sH0rakGkI1T5O5,85.472,audio_features,-6.425,1,0.118,0.0688,0.728,0.588,0.516,0.369,4.97e-06
2KHwO2oP6kWGfir0EWcklE,130.098,audio_features,-6.917,1,0.0312,0.0845,0.157,0.521,0.409,0.413,0.0
2OKpTJTnK3mUErsQJapJLu,94.194,audio_features,-7.978,0,0.0267,0.19,0.834,0.557,0.552,0.0326,9.59e-06
1ayRJ4dlr48VJ3FK6uPq2i,169.082,audio_features,-4.525,1,0.0861,0.317,0.889,0.341,0.977,0.000553,1.41e-05
15p94RmWiXBXQidL2kX7F2,115.46,audio_features,-6.681,1,0.039,0.138,0.922,0.734,0.79,0.156,0.0
6c5FaLuVE7m3BpD6cy9tEn,81.388,audio_features,-6.784,1,0.0594,0.113,0.795,0.608,0.726,0.474,3.67e-06
0a25e134ccYhXxC2ajoyQr,95.173,audio_features,-9.142,1,0.0283,0.126,0.697,0.765,0.387,0.26,7.57e-06
2dAOKHKapOngJv8sMI8GGZ,122.294,audio_features,-11.156,0,0.26,0.582,0.77,0.601,0.386,0.717,0.0
0tFF03AX223mZHNmMhnBvQ,111.609,audio_features,-10.336,1,0.0372,0.615,0.663,0.622,0.783,0.0486,0.00105
4AM1azNqzCYzUUEia6X2Tw,75.773,audio_features,-13.85,0,0.0366,0.275,0.96,0.735,0.371,0.594,1.95e-06
1uC05EIsB37sS6UGKgJAqx,88.432,audio_features,-9.968,1,0.0246,0.244,0.209,0.657,0.463,0.277,0.0
15GiOLRhRZGM07xhEorDZ4,112.348,audio_features,-7.75,1,0.035,0.105,0.425,0.505,0.232,0.8,0.0
1h9Bx0bcEIfiv31E2G58Hf,95.701,audio_features,-8.315,1,0.031,0.12,0.849,0.595,0.715,0.0376,0.00203
3rzgN5U6Q8EviM03LijE31,91.803,audio_features,-5.254,1,0.23,0.0713,0.615,0.826,0.837,0.0432,0.0
3R8APSFlJuawCg1qi5Ed3E,111.042,audio_features,-8.787,1,0.0341,0.102,0.677,0.556,0.752,0.142,0.157
0sWGUO2EJrDvVsz3AVlRDF,96.361,audio_features,-10.301,1,0.0369,0.104,0.645,0.754,0.611,0.112,0.0028
5JU4bCKIBKt2YEKFuNsDdn,187.038,audio_features,-7.005,1,0.0655,0.24,0.27,0.147,0.972,1.08e-05,0.886
3qKQDYN6m5a3NjUBxwWikI,87.077,audio_features,-4.235,0,0.318,0.795,0.668,0.64,0.904,0.102,0.0
3byhGb1jyYOj8uNhA1UXoO,111.901,audio_features,-8.608,1,0.027,0.167,0.626,0.654,0.621,0.0038,0.000435
4DOycXfankFRhhIUvBMdFP,77.451,audio_features,-8.972,1,0.0256,0.211,0.616,0.593,0.536,0.0576,0.0
1tswBQlL2Bklbb82GHxKoW,97.918,audio_features,-11.571,1,0.0355,0.129,0.836,0.684,0.614,0.611,0.000198
2IenDzi8pYn8c4WRteZai0,115.723,audio_features,-6.062,1,0.0319,0.128,0.247,0.391,0.761,0.000891,0.0301
2ZrVZBiFRXMVtXjWv1I5Zw,95.117,audio_features,-11.512,1,0.0242,0.319,0.744,0.623,0.391,0.313,6.44e-06
0UwNjqs1Wq1VNOkriRaRyS,133.262,audio_features,-6.565,1,0.0288,0.146,0.968,0.655,0.896,0.18,4.66e-05
0IHrQNuGVj2c3dBwyw2lNC,176.093,audio_features,-3.528,1,0.0311,0.078,0.622,0.516,0.628,0.389,0.0
2lOnbK3gm1N6keYkUD3mis,82.923,audio_features,-13.346,1,0.444,0.479,0.802,0.79,0.522,0.1,1.19e-05
29YwR5PSDnjzBU9mkmlZag,93.17,audio_features,-4.139,1,0.353,0.0662,0.479,0.591,0.917,0.281,0.0
5PONCrsJnRyMsHBsnUS6I9,87.869,audio_features,-6.471,1,0.237,0.158,0.398,0.687,0.858,0.0141,0.0
2Dqg2mRbfIVKhBZleNrgmH,108.441,audio_features,-9.685,1,0.0556,0.111,0.262,0.358,0.628,0.00586,0.471
2xUlNUrlVtCSrmiSgxBuH3,204.265,audio_features,-8.737,1,0.111,0.0998,0.928,0.468,0.598,0.12,0.0
3cL9ePuG6NGlmUmXEbOfpG,85.792,audio_features,-7.497,1,0.0378,0.189,0.894,0.486,0.818,0.528,0.000791
1ZnEt1m6su6qBHXncpLt01,82.88,audio_features,-5.295,1,0.0374,0.0771,0.526,0.664,0.769,0.018,0.000166
6wwlTwsmum6s8nHDR2q7QQ,95.842,audio_features,-8.363,1,0.0394,0.0579,0.256,0.454,0.442,0.453,0.0
5VHkuQt7LXfVbaBdnQFMpQ,82.31,audio_features,-10.001,0,0.0441,0.0437,0.941,0.814,0.629,0.182,4.35e-05
6SZrhuLGjIzsliOLEG7Y7O,106.672,audio_features,-6.48,1,0.0409,0.118,0.931,0.76,0.635,0.618,4.35e-05
2nxEIdS1T62DCNXLc87BZ9,90.02,audio_features,-11.417,1,0.0293,0.11,0.381,0.692,0.319,0.453,2.73e-05
738gVDZekADNq6Lzw1aGp3,117.021,audio_features,-12.995,0,0.051,0.39,0.553,0.708,0.45,0.652,0.0
5H4KRhDWoEGTmeVHQs78Bl,87.845,audio_features,-6.878,1,0.0595,0.174,0.806,0.817,0.561,0.748,0.0
00Arfy7zhXmtnAUb5vlWGP,204.484,audio_features,-7.774,1,0.11,0.121,0.972,0.56,0.388,0.849,0.0
3z3BcSmA92dr3J8LP51Kit,183.13,audio_features,-10.017,1,0.0592,0.296,0.732,0.593,0.485,0.197,0.0122
4KegtKX6D86OmNy8xCXsow,138.8,audio_features,-8.309,1,0.334,0.438,0.561,0.832,0.54,0.0707,0.0
4hMp5IZADoI2aMajdj1Hfi,145.974,audio_features,-13.485,1,0.0518,0.233,0.809,0.747,0.106,0.802,0.0
3JVVBG4lyaUX2Mvxaw9viu,89.97,audio_features,-4.478,0,0.27,0.167,0.522,0.739,0.87,0.0216,0.0
0mD2pnYVF8DB3oqtY5KM8h,172.189,audio_features,-14.631,1,0.113,0.139,0.888,0.717,0.324,0.739,0.000258
6DuX3rs3gHCEHMyDwC856c,141.936,audio_features,-12.119,0,0.0277,0.0998,0.121,0.356,0.27,0.634,6.15e-05
3VAICuY2ax2yCLT7EhNeZE,105.54,audio_features,-6.96,1,0.0326,0.0962,0.391,0.237,0.476,0.876,0.00217
7ledv9CTjqdwnvHgRmETyZ,100.303,audio_features,-11.225,0,0.0723,0.115,0.78,0.784,0.451,0.792,4.09e-05
5XfiSjURdoHge1mT2no4Ie,147.449,audio_features,-7.532,1,0.0303,0.131,0.831,0.535,0.586,0.588,6.97e-06
5ZiyLuFvDbFwskqHpJ8E3X,125.209,audio_features,-21.46,1,0.0386,0.136,0.93,0.444,0.228,0.894,0.966
2xm9ihELo6xwrRKrBbPql9,95.063,audio_features,-16.756,0,0.0569,0.179,0.738,0.659,0.113,0.976,0.88
7etojJg0JsetC3fSVpU3tX,100.743,audio_features,-7.779,0,0.0283,0.702,0.467,0.613,0.7,0.0467,2.09e-06
3x4oECarDKCZxecqOYis52,158.949,audio_features,-6.996,1,0.0466,0.0893,0.942,0.655,0.714,0.495,6.4e-06
6YtkOhiHmf46w1noltVnF2,131.022,audio_features,-10.962,0,0.0284,0.0953,0.76,0.737,0.657,0.0863,0.0339
3L3GwtfPpOl0Qbq3Md15fT,77.937,audio_features,-9.642,0,0.0409,0.0651,0.365,0.608,0.592,0.469,0.909
7fF6Af2M3vL4IUtE8cMy6G,119.262,audio_features,-5.482,1,0.0298,0.232,0.716,0.529,0.792,0.000113,2.16e-05
60475Be4OzfQSNhoNDoU0r,137.737,audio_features,-21.004,1,0.0298,0.0863,0.307,0.563,0.101,0.778,0.0881
7cX2nwvVfWW3bfScg2f15K,141.696,audio_features,-18.698,1,0.0407,0.0779,0.204,0.287,0.184,0.822,4.54e-06
7tZ1sF5HLhqtRO0bITs4lV,181.957,audio_features,-2.568,1,0.0787,0.0551,0.515,0.328,0.957,4.7e-06,0.437
0drfRiYTLDEoQUNlDjmUCk,83.477,audio_features,-10.665,1,0.0431,0.181,0.878,0.62,0.51,0.627,0.0
4AzOfkNxCSuuxOvqDxrLA4,127.244,audio_features,-6.527,1,0.0462,0.147,0.763,0.729,0.756,0.0802,0.000322
